"path","status","sha256","local_checkpoint","lineage","material_class","privacy","suggested_disposition","recovery_or_risk"
".env.example","M","cb028907d038c103da4c6ce2c35df4ebed5ee2be09ee0fa5ec1b5190d14291f7","a13ed6c","2026-08-12 当前开发血缘","环境合同","公开工作区","本轮提交：本地阶段检查点","已纳入本地提交；恢复时按检查点版本回退或取回"
".env.preview.example","M","14ddea8d4f5d61abc22899065fe919aeb8e65259b0500919261dc3b9e3f90921","a13ed6c","当前开发血缘：后续增量","环境合同","公开工作区","本轮提交：本地阶段检查点","已纳入本地提交；恢复时按检查点版本回退或取回"
".env.production.example","M","a21487cf3d13f27851dfd9eb899894f1797e9367042d7e2385387fd576002188","a13ed6c","当前开发血缘：后续增量","环境合同","公开工作区","本轮提交：本地阶段检查点","已纳入本地提交；恢复时按检查点版本回退或取回"
".vercelignore","M","4e50ef8e19ba9b31250435128b90d71521feebc6ef737fe4ec9c9c677b59305b","07326c7","2026-08-12 当前开发血缘","工程配置","公开工作区","本轮提交：本地阶段检查点","已纳入本地提交；恢复时按检查点版本回退或取回"
"AGENTS.md","M ","3a6672f2572c6e1baa4722755058fc4c23d1774a759f00ff64d3eb3235d6f637","本治理记录所在提交","文档治理","文档治理","公开工作区","本轮提交：本地阶段检查点","已纳入本地提交；恢复时按检查点版本回退或取回"
"artifacts/daily-light-visual-review/2026-08-12-production-replacement/1024-chat.png","A","60f07db75f30e4bde29871c2a2a661c20bf9174b496bd6d14c447f93c8bb1f6e","ed8c36d","当前开发血缘：后续增量","证据","公开脱敏或运行证据","本轮提交：本地阶段检查点","已纳入本地提交；恢复时按检查点版本回退或取回"
"artifacts/daily-light-visual-review/2026-08-12-production-replacement/1024-day-sidebar-preview-v2.png","A","27e0fa6fd4568262566f1632feef362566fbc67c8019912aa56491ae1f636712","ed8c36d","当前开发血缘：后续增量","证据","公开脱敏或运行证据","本轮提交：本地阶段检查点","已纳入本地提交；恢复时按检查点版本回退或取回"
"artifacts/daily-light-visual-review/2026-08-12-production-replacement/1024-day.png","A","bb9c3c0a830349829ea3f0f8ee2759fbae3a5ee3d32522a21e50ace190fe3046","ed8c36d","当前开发血缘：后续增量","证据","公开脱敏或运行证据","本轮提交：本地阶段检查点","已纳入本地提交；恢复时按检查点版本回退或取回"
"artifacts/daily-light-visual-review/2026-08-12-production-replacement/1024-month.png","A","b890c47b8f2827087c437d3315ed826f5ea0dce8439d5631e99e5eca24ad69d5","ed8c36d","当前开发血缘：后续增量","证据","公开脱敏或运行证据","本轮提交：本地阶段检查点","已纳入本地提交；恢复时按检查点版本回退或取回"
"artifacts/daily-light-visual-review/2026-08-12-production-replacement/1024-sidebar-input-preview-v2.png","A","6da040eab57a89f2de28e2d64c251c7e2a21d716af22ca45759bbfc22b514445","ed8c36d","当前开发血缘：后续增量","证据","公开脱敏或运行证据","本轮提交：本地阶段检查点","已纳入本地提交；恢复时按检查点版本回退或取回"
"artifacts/daily-light-visual-review/2026-08-12-production-replacement/1024-start.png","A","ec61ef9a891c01f290dd081542be7c85229c87a47e53578a4bf98cd581fcef33","ed8c36d","当前开发血缘：后续增量","证据","公开脱敏或运行证据","本轮提交：本地阶段检查点","已纳入本地提交；恢复时按检查点版本回退或取回"
"artifacts/daily-light-visual-review/2026-08-12-production-replacement/1024-week.png","A","237ae760a872ff590562127d5eda52fbd39c86db7c634347138167f06247bb6c","ed8c36d","当前开发血缘：后续增量","证据","公开脱敏或运行证据","本轮提交：本地阶段检查点","已纳入本地提交；恢复时按检查点版本回退或取回"
"artifacts/daily-light-visual-review/2026-08-12-production-replacement/1440-chat.png","A","1658f93467e2c248c9493f17861a75e4b95ed849bea8d1ed2216a0b634d6bc01","ed8c36d","当前开发血缘：后续增量","证据","公开脱敏或运行证据","本轮提交：本地阶段检查点","已纳入本地提交；恢复时按检查点版本回退或取回"
"artifacts/daily-light-visual-review/2026-08-12-production-replacement/1440-complete.png","A","bce96177305bae310b8fbf8a63970a48bcf4ede088649f1e6016827028b3846d","ed8c36d","当前开发血缘：后续增量","证据","公开脱敏或运行证据","本轮提交：本地阶段检查点","已纳入本地提交；恢复时按检查点版本回退或取回"
"artifacts/daily-light-visual-review/2026-08-12-production-replacement/1440-day.png","A","dfb073746bf846279a8e8ae332acfc726216567f39fb0766a39eb29df94b0ed8","ed8c36d","当前开发血缘：后续增量","证据","公开脱敏或运行证据","本轮提交：本地阶段检查点","已纳入本地提交；恢复时按检查点版本回退或取回"
"artifacts/daily-light-visual-review/2026-08-12-production-replacement/1440-month.png","A","fc8ae2bdcbe7bf74931d5275431e87f2ad8a897536087797e03ecd4a2c7b2ecf","ed8c36d","当前开发血缘：后续增量","证据","公开脱敏或运行证据","本轮提交：本地阶段检查点","已纳入本地提交；恢复时按检查点版本回退或取回"
"artifacts/daily-light-visual-review/2026-08-12-production-replacement/1440-sidebar-input-preview-v2.png","A","737f53de104afde4e01326169e4a875967fedd39c7f454e204c878cf84421087","ed8c36d","当前开发血缘：后续增量","证据","公开脱敏或运行证据","本轮提交：本地阶段检查点","已纳入本地提交；恢复时按检查点版本回退或取回"
"artifacts/daily-light-visual-review/2026-08-12-production-replacement/1440-start.png","A","cf2bc4424dbca74e8cab4a647973a0b82af378b7d0d389823e1ad2d1148cc15b","ed8c36d","当前开发血缘：后续增量","证据","公开脱敏或运行证据","本轮提交：本地阶段检查点","已纳入本地提交；恢复时按检查点版本回退或取回"
"artifacts/daily-light-visual-review/2026-08-12-production-replacement/1440-unfinished-limit-toast-v2.png","A","5b3c60f68334380b3738876ad1c5ff9a1bcb08c7b5e5996debf7d01afb230e5a","ed8c36d","当前开发血缘：后续增量","证据","公开脱敏或运行证据","本轮提交：本地阶段检查点","已纳入本地提交；恢复时按检查点版本回退或取回"
"artifacts/daily-light-visual-review/2026-08-12-production-replacement/1440-week.png","A","d1258623ff8156144c9f6baa0bbc23bd27892904c90b749a5049140f40e5dfec","ed8c36d","当前开发血缘：后续增量","证据","公开脱敏或运行证据","本轮提交：本地阶段检查点","已纳入本地提交；恢复时按检查点版本回退或取回"
"artifacts/daily-light-visual-review/2026-08-13-full-system-redesign/01-foundation-1440x900.png","A","f149b2aba5d6fb380973cf9bf282f85b811151cb3ac43e029f52fd057174781c","ed8c36d","独立成果：网页端验收与发布证据","证据","公开脱敏或运行证据","本轮提交：本地阶段检查点","已纳入本地提交；恢复时按检查点版本回退或取回"
"artifacts/daily-light-visual-review/2026-08-13-full-system-redesign/02-foundation-1024x768.png","A","8e9b950314f294b8b102116ad65f340e82e2503fe9acdbbd2613b620f5906139","ed8c36d","独立成果：网页端验收与发布证据","证据","公开脱敏或运行证据","本轮提交：本地阶段检查点","已纳入本地提交；恢复时按检查点版本回退或取回"
"artifacts/daily-light-visual-review/2026-08-13-full-system-redesign/04-interview-start-1024x768.png","A","9071f4fc09e4d4224b8424d93a5b01b071b427f333c24e678398414127d81389","ed8c36d","独立成果：网页端验收与发布证据","证据","公开脱敏或运行证据","本轮提交：本地阶段检查点","已纳入本地提交；恢复时按检查点版本回退或取回"
"artifacts/daily-light-visual-review/2026-08-13-full-system-redesign/05-interview-pending-1024x768.png","A","10e165a012193b5e1524ed7e399ef66c9ac0dd6c321b2dfc8390f5eb3d14127b","ed8c36d","独立成果：网页端验收与发布证据","证据","公开脱敏或运行证据","本轮提交：本地阶段检查点","已纳入本地提交；恢复时按检查点版本回退或取回"
"artifacts/daily-light-visual-review/2026-08-13-full-system-redesign/06-interview-limit-toast-1024x768.png","A","e3531e7bcad68408a08739732f6dcce050982f6a2d8bd2af96c6ece71a5cb01d","ed8c36d","独立成果：网页端验收与发布证据","证据","公开脱敏或运行证据","本轮提交：本地阶段检查点","已纳入本地提交；恢复时按检查点版本回退或取回"
"artifacts/daily-light-visual-review/2026-08-13-full-system-redesign/07-interview-chat-1440x900.png","A","1dd3beef78de906e1bd77dfab247a8f8ecbe3095edaea96c23720528cf5e36bb","ed8c36d","独立成果：网页端验收与发布证据","证据","公开脱敏或运行证据","本轮提交：本地阶段检查点","已纳入本地提交；恢复时按检查点版本回退或取回"
"artifacts/daily-light-visual-review/2026-08-13-full-system-redesign/08-interview-chat-1024x768.png","A","f6b504c5fe6bf61094d8629589514140d19b59fa8858961f90410f4502660e44","ed8c36d","独立成果：网页端验收与发布证据","证据","公开脱敏或运行证据","本轮提交：本地阶段检查点","已纳入本地提交；恢复时按检查点版本回退或取回"
"artifacts/daily-light-visual-review/2026-08-13-full-system-redesign/09-day-1440x900.png","A","5be390ba4403410d0dabc9e5e59449b549feee697754fae27e1ed205c9dd34c2","ed8c36d","独立成果：网页端验收与发布证据","证据","公开脱敏或运行证据","本轮提交：本地阶段检查点","已纳入本地提交；恢复时按检查点版本回退或取回"
"artifacts/daily-light-visual-review/2026-08-13-full-system-redesign/10-week-1440x900.png","A","0ba6ccddf2a8f0d5f2f22592654694cd7ddef0fc9f15677116d74e0932954938","ed8c36d","独立成果：网页端验收与发布证据","证据","公开脱敏或运行证据","本轮提交：本地阶段检查点","已纳入本地提交；恢复时按检查点版本回退或取回"
"artifacts/daily-light-visual-review/2026-08-13-full-system-redesign/11-month-1024x768.png","A","5318b552dad1f1bc151d0fbc5b33453562d34fb2bb0622d82fb6565abab059d9","ed8c36d","独立成果：网页端验收与发布证据","证据","公开脱敏或运行证据","本轮提交：本地阶段检查点","已纳入本地提交；恢复时按检查点版本回退或取回"
"artifacts/daily-light-visual-review/2026-08-13-full-system-redesign/12-home-1440x900.png","A","9088f11b58f1dc2fb7b7a4aad7c22a383407483290e080c288ca6ceb4533d4e8","ed8c36d","独立成果：网页端验收与发布证据","证据","公开脱敏或运行证据","本轮提交：本地阶段检查点","已纳入本地提交；恢复时按检查点版本回退或取回"
"artifacts/daily-light-visual-review/2026-08-13-full-system-redesign/13-home-1024x768.png","A","6707e02bb737bd805d0aa0f4f956042a1acb2fa1afbbf82f61a9987a1f7ffdb4","ed8c36d","独立成果：网页端验收与发布证据","证据","公开脱敏或运行证据","本轮提交：本地阶段检查点","已纳入本地提交；恢复时按检查点版本回退或取回"
"artifacts/daily-light-visual-review/2026-08-13-full-system-redesign/14-insights-trends-1440x900.png","A","e1c4a9e7090e87ac130fba3df3e23d3daf1bc46af3ff2b0b79ec52679c401114","ed8c36d","独立成果：网页端验收与发布证据","证据","公开脱敏或运行证据","本轮提交：本地阶段检查点","已纳入本地提交；恢复时按检查点版本回退或取回"
"artifacts/daily-light-visual-review/2026-08-13-full-system-redesign/15-insights-portrait-1024x768.png","A","c7176d88b2e27ac3b418e54ab56a8fc8ec79575da6cb3d5cb5ef516f9782c2e6","ed8c36d","独立成果：网页端验收与发布证据","证据","公开脱敏或运行证据","本轮提交：本地阶段检查点","已纳入本地提交；恢复时按检查点版本回退或取回"
"artifacts/daily-light-visual-review/2026-08-13-full-system-redesign/16-auth-1024x768.png","A","c4f3588a20e28db750913d7b3d1a19d96ba2d9bd02322257a02cf9d3185afdb2","ed8c36d","独立成果：网页端验收与发布证据","证据","公开脱敏或运行证据","本轮提交：本地阶段检查点","已纳入本地提交；恢复时按检查点版本回退或取回"
"artifacts/daily-light-visual-review/2026-08-13-full-system-redesign/17-settings-1440x900.png","A","78493b7f8742e01ab25cc6641d57af0af803b447df20c7ffa71ef50c04a8de77","ed8c36d","独立成果：网页端验收与发布证据","证据","公开脱敏或运行证据","本轮提交：本地阶段检查点","已纳入本地提交；恢复时按检查点版本回退或取回"
"artifacts/daily-light-visual-review/2026-08-13-full-system-redesign/18-day-200-percent-reflow.png","A","a8bc786c215d96204c017d9e0d8240872641963cce9c04108dc16fad6352e42b","ed8c36d","独立成果：网页端验收与发布证据","证据","公开脱敏或运行证据","本轮提交：本地阶段检查点","已纳入本地提交；恢复时按检查点版本回退或取回"
"artifacts/daily-light-visual-review/2026-08-13-full-system-redesign/README.md","A","4c4d8030f445646eee4660fc8b47fcdfcfcce07662fbce780d27d78f4fbd2c2a","ed8c36d","独立成果：网页端验收与发布证据","证据","公开脱敏或运行证据","本轮提交：本地阶段检查点","已纳入本地提交；恢复时按检查点版本回退或取回"
"artifacts/daily-light-visual-review/2026-08-13-production-release/README.md","A","55ac6f26f88ca3c68dba5b1e4f199fd4ca784d9cd8749402ee548cc821400686","ed8c36d","独立成果：网页端验收与发布证据","证据","公开脱敏或运行证据","本轮提交：本地阶段检查点","已纳入本地提交；恢复时按检查点版本回退或取回"
"artifacts/daily-light-visual-review/2026-08-13-production-typography-color/day-1024x768.png","A","21059307200df742ad6f52483e980e56cdfbb2975951b0ef8db6a9896a452aeb","ed8c36d","独立成果：网页端验收与发布证据","证据","公开脱敏或运行证据","本轮提交：本地阶段检查点","已纳入本地提交；恢复时按检查点版本回退或取回"
"artifacts/daily-light-visual-review/2026-08-13-production-typography-color/day-1440x900.png","A","d5128c5e635fc14411dffc949ef9d6e5f63f6daae81b90c4960ab850d2bb5676","ed8c36d","独立成果：网页端验收与发布证据","证据","公开脱敏或运行证据","本轮提交：本地阶段检查点","已纳入本地提交；恢复时按检查点版本回退或取回"
"artifacts/daily-light-visual-review/2026-08-13-production-typography-color/home-1024x768.png","A","0b61edabfed1de7d5fc2a08b06da525a17ab38684d3d84a653a2406ee1ef4839","ed8c36d","独立成果：网页端验收与发布证据","证据","公开脱敏或运行证据","本轮提交：本地阶段检查点","已纳入本地提交；恢复时按检查点版本回退或取回"
"artifacts/daily-light-visual-review/2026-08-13-production-typography-color/home-1440x900.png","A","b4b035c3c8b5546205ed594687602d9876cb2e849ade00dbe6b4e4ed2bac2150","ed8c36d","独立成果：网页端验收与发布证据","证据","公开脱敏或运行证据","本轮提交：本地阶段检查点","已纳入本地提交；恢复时按检查点版本回退或取回"
"artifacts/daily-light-visual-review/2026-08-13-production-typography-color/insights-trends-1024x768.png","A","3610dca346e53eb795c189e83ed1fbe635eeca19d08b36c374d8abad25c79659","ed8c36d","独立成果：网页端验收与发布证据","证据","公开脱敏或运行证据","本轮提交：本地阶段检查点","已纳入本地提交；恢复时按检查点版本回退或取回"
"artifacts/daily-light-visual-review/2026-08-13-production-typography-color/insights-trends-1440x900.png","A","a160bb982f258ac6fded9dde64ad4468a8a5306dc4af377623ce10787519ce47","ed8c36d","独立成果：网页端验收与发布证据","证据","公开脱敏或运行证据","本轮提交：本地阶段检查点","已纳入本地提交；恢复时按检查点版本回退或取回"
"artifacts/daily-light-visual-review/2026-08-13-production-typography-color/interview-chat-1024x768.png","A","392979aa77639f24e4bdf3089e12206aa4c1efe3f26864526a9dac7971fe816f","ed8c36d","独立成果：网页端验收与发布证据","证据","公开脱敏或运行证据","本轮提交：本地阶段检查点","已纳入本地提交；恢复时按检查点版本回退或取回"
"artifacts/daily-light-visual-review/2026-08-13-production-typography-color/interview-chat-1440x900.png","A","07916425b6979052e57268c67bbaeb982936fc07845f4b03639dcb2567141a4f","ed8c36d","独立成果：网页端验收与发布证据","证据","公开脱敏或运行证据","本轮提交：本地阶段检查点","已纳入本地提交；恢复时按检查点版本回退或取回"
"artifacts/daily-light-visual-review/2026-08-13-production-typography-color/interview-start-1024x768.png","A","103c1d07c718b8a588836e6ae50017216d1fd1028385bf3507864ebab9ee957a","ed8c36d","独立成果：网页端验收与发布证据","证据","公开脱敏或运行证据","本轮提交：本地阶段检查点","已纳入本地提交；恢复时按检查点版本回退或取回"
"artifacts/daily-light-visual-review/2026-08-13-production-typography-color/interview-start-1440x900.png","A","31917b3955f37dea0f862f3e32122fd5e1f06ddb53f1ab692e961e689694989d","ed8c36d","独立成果：网页端验收与发布证据","证据","公开脱敏或运行证据","本轮提交：本地阶段检查点","已纳入本地提交；恢复时按检查点版本回退或取回"
"artifacts/daily-light-visual-review/2026-08-13-production-typography-color/month-1024x768.png","A","a0c0c161df5cc4fb3bf1c52709be8ce72ba4305dad29c709bf2fc22a123a4c5b","ed8c36d","独立成果：网页端验收与发布证据","证据","公开脱敏或运行证据","本轮提交：本地阶段检查点","已纳入本地提交；恢复时按检查点版本回退或取回"
"artifacts/daily-light-visual-review/2026-08-13-production-typography-color/month-1440x900.png","A","696adb4e5887e2303844f7cbb2eb29e3fc78831e09f884ae710ba921279d5443","ed8c36d","独立成果：网页端验收与发布证据","证据","公开脱敏或运行证据","本轮提交：本地阶段检查点","已纳入本地提交；恢复时按检查点版本回退或取回"
"artifacts/daily-light-visual-review/2026-08-13-production-typography-color/README.md","A","11d73a0e3afb606c08465c35ca4a873f15f333a40c55f5217b75c7810b47e452","ed8c36d","独立成果：网页端验收与发布证据","证据","公开脱敏或运行证据","本轮提交：本地阶段检查点","已纳入本地提交；恢复时按检查点版本回退或取回"
"artifacts/daily-light-visual-review/2026-08-13-production-typography-color/week-1024x768.png","A","3cc847cbbf57eb07508987efffc612ade06b857e268886b328b2511ce21a973c","ed8c36d","独立成果：网页端验收与发布证据","证据","公开脱敏或运行证据","本轮提交：本地阶段检查点","已纳入本地提交；恢复时按检查点版本回退或取回"
"artifacts/daily-light-visual-review/2026-08-13-production-typography-color/week-1440x900.png","A","3c1a0fb775123e632aac1771a27d0b47b7cc9cdc346278431771f84ef881264b","ed8c36d","独立成果：网页端验收与发布证据","证据","公开脱敏或运行证据","本轮提交：本地阶段检查点","已纳入本地提交；恢复时按检查点版本回退或取回"
"artifacts/daily-light-visual-review/2026-08-13-second-round-closeout/day-1024x768.png","A","1158d1f75088fe2618a883c82c629696368a1a4dfb9220c37d9aabb9d1b91588","ed8c36d","独立成果：网页端验收与发布证据","证据","公开脱敏或运行证据","本轮提交：本地阶段检查点","已纳入本地提交；恢复时按检查点版本回退或取回"
"artifacts/daily-light-visual-review/2026-08-13-second-round-closeout/day-1440x900.png","A","f00566e7ee0c1073fbaf0982b0d09cc30bb0ef4e202df3a53aa926daffa10152","ed8c36d","独立成果：网页端验收与发布证据","证据","公开脱敏或运行证据","本轮提交：本地阶段检查点","已纳入本地提交；恢复时按检查点版本回退或取回"
"artifacts/daily-light-visual-review/2026-08-13-second-round-closeout/home-1024x768.png","A","bfe2994f78401fa2da875da62541cf2f74176db1180d292a9f7cf1b7aee137dd","ed8c36d","独立成果：网页端验收与发布证据","证据","公开脱敏或运行证据","本轮提交：本地阶段检查点","已纳入本地提交；恢复时按检查点版本回退或取回"
"artifacts/daily-light-visual-review/2026-08-13-second-round-closeout/home-1440x900.png","A","31f8f1f6fa24c17d628c055f007a73397aa458f0c0f47dd89eb607bb56958568","ed8c36d","独立成果：网页端验收与发布证据","证据","公开脱敏或运行证据","本轮提交：本地阶段检查点","已纳入本地提交；恢复时按检查点版本回退或取回"
"artifacts/daily-light-visual-review/2026-08-13-second-round-closeout/insights-trends-1024x768.png","A","675e9d05d6b1f6e74901967c049d8f0192ccfac815b4f5bb3ba2aeeb00d63c85","ed8c36d","独立成果：网页端验收与发布证据","证据","公开脱敏或运行证据","本轮提交：本地阶段检查点","已纳入本地提交；恢复时按检查点版本回退或取回"
"artifacts/daily-light-visual-review/2026-08-13-second-round-closeout/insights-trends-1440x900.png","A","ab8ee207e7ef7e37c5b6813f04fe6aaf8982103f48fba4b53fd20732e1d6dd61","ed8c36d","独立成果：网页端验收与发布证据","证据","公开脱敏或运行证据","本轮提交：本地阶段检查点","已纳入本地提交；恢复时按检查点版本回退或取回"
"artifacts/daily-light-visual-review/2026-08-13-second-round-closeout/interview-chat-1024x768.png","A","98e5a67afe0b9eff673eda1535efe9a4a98f762632032e20490194c8c768185c","ed8c36d","独立成果：网页端验收与发布证据","证据","公开脱敏或运行证据","本轮提交：本地阶段检查点","已纳入本地提交；恢复时按检查点版本回退或取回"
"artifacts/daily-light-visual-review/2026-08-13-second-round-closeout/interview-chat-1440x900.png","A","abd7585c04c9843a20dfc7c46c55989f1dfcaa90695881a8752ff05a88e8322c","ed8c36d","独立成果：网页端验收与发布证据","证据","公开脱敏或运行证据","本轮提交：本地阶段检查点","已纳入本地提交；恢复时按检查点版本回退或取回"
"artifacts/daily-light-visual-review/2026-08-13-second-round-closeout/interview-start-1024x768.png","A","33f0c6bd623634598565d065b79c94f636bd020d8bc43aaf68eed61409ec810d","ed8c36d","独立成果：网页端验收与发布证据","证据","公开脱敏或运行证据","本轮提交：本地阶段检查点","已纳入本地提交；恢复时按检查点版本回退或取回"
"artifacts/daily-light-visual-review/2026-08-13-second-round-closeout/interview-start-1440x900.png","A","4ed30771e6b8c02bda2ec64ed409d040093a951bb9e4440f9a245a983b73ca5e","ed8c36d","独立成果：网页端验收与发布证据","证据","公开脱敏或运行证据","本轮提交：本地阶段检查点","已纳入本地提交；恢复时按检查点版本回退或取回"
"artifacts/daily-light-visual-review/2026-08-13-second-round-closeout/month-1024x768.png","A","cc74d25bf82fad74c42fa5ce6748ca87271337525338c566d4aec78dbee60e4c","ed8c36d","独立成果：网页端验收与发布证据","证据","公开脱敏或运行证据","本轮提交：本地阶段检查点","已纳入本地提交；恢复时按检查点版本回退或取回"
"artifacts/daily-light-visual-review/2026-08-13-second-round-closeout/month-1440x900.png","A","d571d2432ed80634ad8184fa446ea0a2abe7613086541564fe0edd78f17d7ea2","ed8c36d","独立成果：网页端验收与发布证据","证据","公开脱敏或运行证据","本轮提交：本地阶段检查点","已纳入本地提交；恢复时按检查点版本回退或取回"
"artifacts/daily-light-visual-review/2026-08-13-second-round-closeout/README.md","A","15477de075cd7c61715b4d0d6a69960590d3faf5ed6e1d51c7d2e4c71595781e","ed8c36d","独立成果：网页端验收与发布证据","证据","公开脱敏或运行证据","本轮提交：本地阶段检查点","已纳入本地提交；恢复时按检查点版本回退或取回"
"artifacts/daily-light-visual-review/2026-08-13-second-round-closeout/week-1024x768.png","A","846589cb40c20f941c5b9e1288995afaf1c6b7932a38be76e6ed805f489556b7","ed8c36d","独立成果：网页端验收与发布证据","证据","公开脱敏或运行证据","本轮提交：本地阶段检查点","已纳入本地提交；恢复时按检查点版本回退或取回"
"artifacts/daily-light-visual-review/2026-08-13-second-round-closeout/week-1440x900.png","A","e10d168fee214ecb05a0c736a0b8271d7d360d9eac7e8da9a1c8c6521b5cfd2f","ed8c36d","独立成果：网页端验收与发布证据","证据","公开脱敏或运行证据","本轮提交：本地阶段检查点","已纳入本地提交；恢复时按检查点版本回退或取回"
"artifacts/daily-light-visual-review/README.md","A","de30fee0acf87f9c17804353d2142c929a43f8c898acee10775d285872d6f4bf","ed8c36d","文档治理","文档治理","公开脱敏或运行证据","本轮提交：本地阶段检查点","已纳入本地提交；恢复时按检查点版本回退或取回"
"artifacts/generative-interview-board6/2026-08-13-gi088-dual-track-v1/dataset-manifest.json","M","d327ac37065291bda10b37ba12d7a832b98c65f129146ad547789b279a7c0a0b","a13ed6c","独立成果：GI-088 C3","证据","公开脱敏或运行证据","本轮提交：本地阶段检查点","已纳入本地提交；恢复时按检查点版本回退或取回"
"artifacts/generative-interview-board6/2026-08-13-gi088-dual-track-v1/evaluation-asset-review-v1-handoff.md","A","d94cddab29b23829337ee7aa9d66128cf888ac04e910744e8280507a6a041f12","a13ed6c","独立成果：GI-088 C3","证据","公开脱敏或运行证据","本轮提交：本地阶段检查点","已纳入本地提交；恢复时按检查点版本回退或取回"
"artifacts/generative-interview-board6/2026-08-13-gi088-dual-track-v1/evaluation-asset-review-v1-receipt.json","A","605a471d83ede639a9f88745c323a67d3a81a8386a3f426c6361169885783bc0","a13ed6c","独立成果：GI-088 C3","证据","公开脱敏或运行证据","本轮提交：本地阶段检查点","已纳入本地提交；恢复时按检查点版本回退或取回"
"artifacts/generative-interview-board6/2026-08-13-gi088-dual-track-v1/event-relationship-explanation-retest-v1-handoff.md","A","feb2a842ec02c778ea3a7de284affb3b24f03163d9085a1d1a3ea53cf20bfc52","a13ed6c","独立成果：GI-088 C3","证据","公开脱敏或运行证据","本轮提交：本地阶段检查点","已纳入本地提交；恢复时按检查点版本回退或取回"
"artifacts/generative-interview-board6/2026-08-13-gi088-dual-track-v1/event-relationship-explanation-retest-v1-receipt.json","A","823fea235ac6f3af7463e2ff1c9a90b36d93eda6bdf06688c9367248dc979bc4","a13ed6c","独立成果：GI-088 C3","证据","公开脱敏或运行证据","本轮提交：本地阶段检查点","已纳入本地提交；恢复时按检查点版本回退或取回"
"artifacts/generative-interview-board6/2026-08-13-gi088-dual-track-v1/historical-real-gold-v1-handoff.md","A","4f6d72a6432ce712de7bf7d38c9d9e1dffda271f7a7e86fba76e3be926f40aaf","a13ed6c","独立成果：GI-088 C3","证据","公开脱敏或运行证据","本轮提交：本地阶段检查点","已纳入本地提交；恢复时按检查点版本回退或取回"
"artifacts/generative-interview-board6/2026-08-13-gi088-dual-track-v1/historical-real-gold-v1-receipt.json","A","dc2c104a38412dec46ecf82c73d630b88288e682545fa6399f039b622945c173","a13ed6c","独立成果：GI-088 C3","证据","公开脱敏或运行证据","本轮提交：本地阶段检查点","已纳入本地提交；恢复时按检查点版本回退或取回"
"artifacts/generative-interview-board6/2026-08-13-gi088-dual-track-v1/README.md","M ","e09fc58fffa5244052d0d10aa2f0b70db61a3ccb1f8d4ae1f8d0a1a7b34b678d","本治理记录所在提交","文档治理","文档治理","公开脱敏或运行证据","本轮提交：本地阶段检查点","已纳入本地提交；恢复时按检查点版本回退或取回"
"artifacts/generative-interview-board6/2026-08-13-gi088-dual-track-v1/real-conversation-review-v2-handoff.md","A","03dc3419f06380d113c76a477953b7fb730d1eb4f4292a36763d3cca7d39b790","a13ed6c","独立成果：GI-088 C3","证据","公开脱敏或运行证据","本轮提交：本地阶段检查点","已纳入本地提交；恢复时按检查点版本回退或取回"
"artifacts/generative-interview-board6/2026-08-13-gi088-dual-track-v1/real-conversation-review-v2-receipt.json","A","be1aec71ae30b811b33e9dff7d118b3742804d7c3fb6a4c0cd5cfb1716d6b48f","a13ed6c","独立成果：GI-088 C3","证据","公开脱敏或运行证据","本轮提交：本地阶段检查点","已纳入本地提交；恢复时按检查点版本回退或取回"
"artifacts/generative-interview-board6/2026-08-13-gi088-dual-track-v1/real-problem-regression-v1-handoff.md","A","c103d9d047dbe67d0a8d983f3f6baaed8ae754f47044efc16237a486e00780d4","a13ed6c","独立成果：GI-088 C3","证据","公开脱敏或运行证据","本轮提交：本地阶段检查点","已纳入本地提交；恢复时按检查点版本回退或取回"
"artifacts/generative-interview-board6/2026-08-13-gi088-dual-track-v1/real-problem-regression-v1-receipt.json","A","1e76779cf706e40cafd5d50b8ca60e6d0247827f46e92945d9d51edcf2ae2393","a13ed6c","独立成果：GI-088 C3","证据","公开脱敏或运行证据","本轮提交：本地阶段检查点","已纳入本地提交；恢复时按检查点版本回退或取回"
"artifacts/generative-interview-board6/2026-08-13-gi088-dual-track-v1/real-problem-regression-v1.1-handoff.md","A","6b5b939095337fd6b498c352645c57f62e607698f096c6d71a83f867ed3c2c99","a13ed6c","独立成果：GI-088 C3","证据","公开脱敏或运行证据","本轮提交：本地阶段检查点","已纳入本地提交；恢复时按检查点版本回退或取回"
"artifacts/generative-interview-board6/2026-08-13-gi088-dual-track-v1/real-problem-regression-v1.1-receipt.json","A","32011deee3e96074717781a8704599cc877d926053ed537ae458fe5c2b8680cc","a13ed6c","独立成果：GI-088 C3","证据","公开脱敏或运行证据","本轮提交：本地阶段检查点","已纳入本地提交；恢复时按检查点版本回退或取回"
"artifacts/generative-interview-board6/2026-08-13-gi088-dual-track-v1/real-problem-regression-v1.2-handoff.md","A","8db644d7f2f141ee847c9baaa618bf055271bd3ced9b49ef80a043283c81538d","a13ed6c","独立成果：GI-088 C3","证据","公开脱敏或运行证据","本轮提交：本地阶段检查点","已纳入本地提交；恢复时按检查点版本回退或取回"
"artifacts/generative-interview-board6/2026-08-13-gi088-dual-track-v1/real-problem-regression-v1.2-receipt.json","A","b650328e02886730c93f0093fcd357e3b964f1007698ff62022439a8e51f8a6f","a13ed6c","独立成果：GI-088 C3","证据","公开脱敏或运行证据","本轮提交：本地阶段检查点","已纳入本地提交；恢复时按检查点版本回退或取回"
"artifacts/generative-interview-board6/2026-08-13-gi088-dual-track-v1/real-problem-sentinel-baseline-v1-handoff.md","A","047b3254aa34ea28ec367d9aca77d4907570f64b0e7a2b1514b0c74684565b09","a13ed6c","独立成果：GI-088 C3","证据","公开脱敏或运行证据","本轮提交：本地阶段检查点","已纳入本地提交；恢复时按检查点版本回退或取回"
"artifacts/generative-interview-board6/2026-08-13-gi088-dual-track-v1/real-problem-sentinel-baseline-v1-receipt.json","A","97ebe73a2b2984a287178174465317d81ff3c594e33e658567b03dcddacbe996","a13ed6c","独立成果：GI-088 C3","证据","公开脱敏或运行证据","本轮提交：本地阶段检查点","已纳入本地提交；恢复时按检查点版本回退或取回"
"artifacts/generative-interview-board6/2026-08-13-gi088-dual-track-v1/relationship-claim-status-probe-v1-authorization.json","A","65513b12f57a432eab1fdf670e5805adaacf28ef87e57ef33052539d39ce41a6","30cfc03","独立成果：GI-088 C3","证据","公开脱敏或运行证据","本轮提交：本地阶段检查点","已纳入本地提交；恢复时按检查点版本回退或取回"
"artifacts/generative-interview-board6/2026-08-13-gi088-dual-track-v1/relationship-claim-status-probe-v1-handoff.md","A","5eaf154587b7aabe83304f09a1bd0f19953fee1872492897feea0b48b585fb5e","30cfc03","独立成果：GI-088 C3","证据","公开脱敏或运行证据","本轮提交：本地阶段检查点","已纳入本地提交；恢复时按检查点版本回退或取回"
"artifacts/generative-interview-board6/2026-08-13-gi088-dual-track-v1/relationship-claim-status-probe-v1-receipt.json","A","c5bed55465c00dcbcbf9f31ed0d160bbe3b9db672b6722436f504e9b3dd2aa62","30cfc03","独立成果：GI-088 C3","证据","公开脱敏或运行证据","本轮提交：本地阶段检查点","已纳入本地提交；恢复时按检查点版本回退或取回"
"artifacts/generative-interview-board6/2026-08-13-gi088-dual-track-v1/relationship-claim-status-probe-v1-result-handoff.md","A","d3b6f4605252a09e353af9239902b6160415993e10b6fb9467a97fcf26197731","30cfc03","独立成果：GI-088 C3","证据","公开脱敏或运行证据","本轮提交：本地阶段检查点","已纳入本地提交；恢复时按检查点版本回退或取回"
"artifacts/generative-interview-board6/2026-08-13-gi088-dual-track-v1/relationship-claim-status-probe-v1-start-card.json","A","56f90abe4d45da3aa005ed41c634f8825ba04ef8b7257c2b75ec45a9d66e10de","30cfc03","独立成果：GI-088 C3","证据","公开脱敏或运行证据","本轮提交：本地阶段检查点","已纳入本地提交；恢复时按检查点版本回退或取回"
"artifacts/generative-interview-board6/2026-08-13-gi088-dual-track-v1/relationship-claim-status-probe-v1-technical-receipt.json","A","d5e06ececb8f0ac619fba781ee590129c0f3fbaeae4a30b28536e25f431f0e86","30cfc03","独立成果：GI-088 C3","证据","公开脱敏或运行证据","本轮提交：本地阶段检查点","已纳入本地提交；恢复时按检查点版本回退或取回"
"artifacts/generative-interview-board6/2026-08-13-gi088-dual-track-v1/response-first-two-stage-v1-handoff.md","A","340bec518647a4faa8a75db7a039cf42ed833bb0add593948657004279c36b3b","30cfc03","独立成果：GI-088 C3","证据","公开脱敏或运行证据","本轮提交：本地阶段检查点","已纳入本地提交；恢复时按检查点版本回退或取回"
"artifacts/generative-interview-board6/2026-08-13-gi088-dual-track-v1/response-first-two-stage-v1-responsibility-audit.json","A","60be8259e09bda7cd1c80b2eccdb286d696b742371f5fac211ab76db5f5609af","30cfc03","独立成果：GI-088 C3","证据","公开脱敏或运行证据","本轮提交：本地阶段检查点","已纳入本地提交；恢复时按检查点版本回退或取回"
"artifacts/generative-interview-board6/2026-08-13-gi088-dual-track-v1/response-first-two-stage-v1-start-card.json","A","a8218dc52addcf02be9b2ce030f17a7427df58e5cd4f2e6012d54bafbe5764fb","30cfc03","独立成果：GI-088 C3","证据","公开脱敏或运行证据","本轮提交：本地阶段检查点","已纳入本地提交；恢复时按检查点版本回退或取回"
"artifacts/generative-interview-board6/2026-08-13-gi088-dual-track-v1/response-first-visible-quality-v1-authorization.json","A","c8987237356fefa79337540cb9019031d10531dbe28119911f16ef442b31a49c","30cfc03","独立成果：GI-088 C3","证据","公开脱敏或运行证据","本轮提交：本地阶段检查点","已纳入本地提交；恢复时按检查点版本回退或取回"
"artifacts/generative-interview-board6/2026-08-13-gi088-dual-track-v1/response-first-visible-quality-v1-handoff.md","A","b63898b9614dae7d60ab1d4c064287f9f5ba126805f405d1b85aaf683072b3f8","30cfc03","独立成果：GI-088 C3","证据","公开脱敏或运行证据","本轮提交：本地阶段检查点","已纳入本地提交；恢复时按检查点版本回退或取回"
"artifacts/generative-interview-board6/2026-08-13-gi088-dual-track-v1/response-first-visible-quality-v1-start-card.json","A","bc06dd7abdb97fb5c0ce53277f0d4de14d1bb5902d8ece12542f326d79b84ec1","30cfc03","独立成果：GI-088 C3","证据","公开脱敏或运行证据","本轮提交：本地阶段检查点","已纳入本地提交；恢复时按检查点版本回退或取回"
"artifacts/generative-interview-board6/2026-08-13-gi088-dual-track-v1/response-first-visible-quality-v1-technical-receipt.json","A","552519233c14c6d86cc3e397399f3cc635dc5cb4f0c394d62fae4a52c7a54160","30cfc03","独立成果：GI-088 C3","证据","公开脱敏或运行证据","本轮提交：本地阶段检查点","已纳入本地提交；恢复时按检查点版本回退或取回"
"artifacts/generative-interview-board6/2026-08-13-gi088-dual-track-v1/response-latency-contract-ab-v1-authorization.json","A","d32f8ed36a2476e301352d48bc58d3f72a1606e051353b208dd4fd8c92589589","30cfc03","独立成果：GI-088 C3","证据","公开脱敏或运行证据","本轮提交：本地阶段检查点","已纳入本地提交；恢复时按检查点版本回退或取回"
"artifacts/generative-interview-board6/2026-08-13-gi088-dual-track-v1/response-latency-contract-ab-v1-handoff.md","A","c29cfdd76d3832b50c6db89a94c55bf3360ab2bd803f494436c7b8b3b091588c","30cfc03","独立成果：GI-088 C3","证据","公开脱敏或运行证据","本轮提交：本地阶段检查点","已纳入本地提交；恢复时按检查点版本回退或取回"
"artifacts/generative-interview-board6/2026-08-13-gi088-dual-track-v1/response-latency-contract-ab-v1-receipt.json","A","cf097f1ec9b8cb28d52b8d6f03df7808d3d3f1c36dec117733f2f108103e0aeb","30cfc03","独立成果：GI-088 C3","证据","公开脱敏或运行证据","本轮提交：本地阶段检查点","已纳入本地提交；恢复时按检查点版本回退或取回"
"artifacts/generative-interview-board6/2026-08-13-gi088-dual-track-v1/response-latency-contract-ab-v1-result-handoff.md","A","9d85cfed7ee1683f5167101f1226f6599a5ea1b1f3adb368d1102faa53a6336c","30cfc03","独立成果：GI-088 C3","证据","公开脱敏或运行证据","本轮提交：本地阶段检查点","已纳入本地提交；恢复时按检查点版本回退或取回"
"artifacts/generative-interview-board6/2026-08-13-gi088-dual-track-v1/response-latency-contract-ab-v1-start-card.json","A","ae4bbf4ffd45b51afea106fbf7b72bf7c8e780911376c83bfd0816c32fbb3857","30cfc03","独立成果：GI-088 C3","证据","公开脱敏或运行证据","本轮提交：本地阶段检查点","已纳入本地提交；恢复时按检查点版本回退或取回"
"artifacts/generative-interview-board6/2026-08-13-gi088-dual-track-v1/response-latency-contract-ab-v1-technical-receipt.json","A","b6b73021c4a804d3e295facc68a1f8a6a79641cf785a9cbb8a1903ee4fbd6ea3","30cfc03","独立成果：GI-088 C3","证据","公开脱敏或运行证据","本轮提交：本地阶段检查点","已纳入本地提交；恢复时按检查点版本回退或取回"
"artifacts/generative-interview-board6/2026-08-13-gi088-dual-track-v1/stage-c3-authorization.json","A","9f5225a1b86b323f3019f756ae576a3aa4eef976de8f50ba0ea41066bf7309eb","a13ed6c","独立成果：GI-088 C3","证据","公开脱敏或运行证据","本轮提交：本地阶段检查点","已纳入本地提交；恢复时按检查点版本回退或取回"
"artifacts/generative-interview-board6/2026-08-13-gi088-dual-track-v1/stage-c3-gold-review-receipt.json","A","b8ceaffaf290b8830117cbb66514a65c2544b19ef58e986dbf68107bff210e66","a13ed6c","独立成果：GI-088 C3","证据","公开脱敏或运行证据","本轮提交：本地阶段检查点","已纳入本地提交；恢复时按检查点版本回退或取回"
"artifacts/generative-interview-board6/2026-08-13-gi088-dual-track-v1/stage-c3-handoff.md","A","fe8ea662dfaeb944ebb7e1f9a5ad288748a73b33ceda47273704d3a482ae3dfa","a13ed6c","独立成果：GI-088 C3","证据","公开脱敏或运行证据","本轮提交：本地阶段检查点","已纳入本地提交；恢复时按检查点版本回退或取回"
"artifacts/generative-interview-board6/2026-08-13-gi088-dual-track-v1/stage-c3-product-ruler-v1.md","A","55bb96ba2baab57f9c63a25f2d1dd14b5dea21704a8709524c608987e58f1c16","a13ed6c","独立成果：GI-088 C3","证据","公开脱敏或运行证据","本轮提交：本地阶段检查点","已纳入本地提交；恢复时按检查点版本回退或取回"
"artifacts/generative-interview-board6/2026-08-13-gi088-dual-track-v1/visible-contract-burden-ab-v1-authorization.json","A","bc81768fcb09bc8983c195fc74d7da9b2752f3c27e953acc42373383248f641e","30cfc03","独立成果：GI-088 C3","证据","公开脱敏或运行证据","本轮提交：本地阶段检查点","已纳入本地提交；恢复时按检查点版本回退或取回"
"artifacts/generative-interview-board6/2026-08-13-gi088-dual-track-v1/visible-contract-burden-ab-v1-handoff.md","A","329ae48291142ff4b1559acfb8556080a29601655518b79165d6f12801f0fe92","30cfc03","独立成果：GI-088 C3","证据","公开脱敏或运行证据","本轮提交：本地阶段检查点","已纳入本地提交；恢复时按检查点版本回退或取回"
"artifacts/generative-interview-board6/2026-08-13-gi088-dual-track-v1/visible-contract-burden-ab-v1-receipt.json","A","4b86265f3b4827ce800cf19c9acc1db1a6b876cdbcf2eaa42f2da4084ccbc7ce","30cfc03","独立成果：GI-088 C3","证据","公开脱敏或运行证据","本轮提交：本地阶段检查点","已纳入本地提交；恢复时按检查点版本回退或取回"
"artifacts/generative-interview-board6/2026-08-13-gi088-dual-track-v1/visible-contract-burden-ab-v1-start-card.json","A","8fef9c011613f24108e5d5d5812d2c991bbb84645c9151bba5bf4d552e8a30ce","30cfc03","独立成果：GI-088 C3","证据","公开脱敏或运行证据","本轮提交：本地阶段检查点","已纳入本地提交；恢复时按检查点版本回退或取回"
"artifacts/generative-interview-board6/README.md","M ","420d794a4680754159d05b75a2759372f5763e08e5bc5babd94eec6fdd7d0850","本治理记录所在提交","文档治理","文档治理","公开脱敏或运行证据","本轮提交：本地阶段检查点","已纳入本地提交；恢复时按检查点版本回退或取回"
"artifacts/generative-interview-board7/2026-08-09-gi088-human-eval-v7-continuity-baseline/gi088-current-issue-ledger.json","M ","9dfc11f6ef1ff17042cca466a8cc37e0e6baa38f251973b4c7d7d1df62bae1cb","本治理记录所在提交","当前开发血缘：后续增量","证据","公开脱敏或运行证据","本轮提交：本地阶段检查点","已纳入本地提交；恢复时按检查点版本回退或取回"
"artifacts/generative-interview-board7/2026-08-10-gi088-human-eval-v8r2-foundation-hardening/README.md","M ","0a11ce5d3b311dfd89e84289a699adf73e982fdc591caeed3077c09a6ce30a31","本治理记录所在提交","当前开发血缘：后续增量","证据","公开脱敏或运行证据","本轮提交：本地阶段检查点","已纳入本地提交；恢复时按检查点版本回退或取回"
"artifacts/generative-interview-board7/README.md","M ","c4032a5eed01630a8d828bb1ecfd3e02e11531cb6ef9cfaf3f80dc73402ba939","本治理记录所在提交","文档治理","文档治理","公开脱敏或运行证据","本轮提交：本地阶段检查点","已纳入本地提交；恢复时按检查点版本回退或取回"
"artifacts/generative-interview-board8/README.md","M ","b490da076a2d2d03d7bf50ac68bc5507c99eb318b7b0e14eccf8f8d05f868566","本治理记录所在提交","文档治理","文档治理","公开脱敏或运行证据","本轮提交：本地阶段检查点","已纳入本地提交；恢复时按检查点版本回退或取回"
"artifacts/README.md","M ","2f5c27d45f27c2ba5e2755d8daa7f85629f34df02385befc21b611468fa8472c","本治理记录所在提交","文档治理","文档治理","公开脱敏或运行证据","本轮提交：本地阶段检查点","已纳入本地提交；恢复时按检查点版本回退或取回"
"DESIGN.md","M","0a76cf2c8fdf0c9453ec4fb071d2b10cb8bfce20b40e12ae184fdf8fc727d61d","ed8c36d","文档治理","文档治理","公开工作区","本轮提交：本地阶段检查点","已纳入本地提交；恢复时按检查点版本回退或取回"
"docs/ai-evaluation-standard.md","M ","08dc7aa28813a079c375b7e1341a9a7c8cf74b0957eddd750916dafa3e5c6c60","本治理记录所在提交","文档治理","文档治理","公开工作区","本轮提交：本地阶段检查点","已纳入本地提交；恢复时按检查点版本回退或取回"
"docs/ai-tasks/running/interview-refactor-mainline-retrospective-map-20260813.md","A ","12d86a174340723f4f22112b78106f143b0bf1c905edfd7626bcfdc5e66274b1","本治理记录所在提交","独立成果：项目复盘","文档","公开工作区","本轮提交：本地阶段检查点","已纳入本地提交；恢复时按检查点版本回退或取回"
"docs/architecture.md","M ","1a206b52ad0fbc9bede2eb0d39a1744960a2f2083457542ee7754871715fbcf5","本治理记录所在提交","文档治理","文档治理","公开工作区","本轮提交：本地阶段检查点","已纳入本地提交；恢复时按检查点版本回退或取回"
"docs/design/design-rule-reconciliation.md","A","3a2e6690ae143c137181834fc05b8be50d52926d370072a2250905e433ac73f0","ed8c36d","当前开发血缘：后续增量","文档","公开工作区","本轮提交：本地阶段检查点","已纳入本地提交；恢复时按检查点版本回退或取回"
"docs/design/legacy-compatibility.md","A","73e7b18522a99cc3097e2a8aae66b93cbdb1152a5072fd6f11833eab6377b436","ed8c36d","当前开发血缘：后续增量","文档","公开工作区","本轮提交：本地阶段检查点","已纳入本地提交；恢复时按检查点版本回退或取回"
"docs/design/ui-conventions.md","M","1689d4f2846d1930b5eae2619243b7903fb3baca82fb61d3a597a8330ab9aae4","ed8c36d","文档治理","文档治理","公开工作区","本轮提交：本地阶段检查点","已纳入本地提交；恢复时按检查点版本回退或取回"
"docs/generative-interview-refactor-map.md","M ","fa8ab4a2e93344e62e17c838600390610475adab4fd1958f53b5f9b90c26673a","本治理记录所在提交","文档治理","文档治理","公开工作区","本轮提交：本地阶段检查点","已纳入本地提交；恢复时按检查点版本回退或取回"
"docs/handoff.md","M ","40b2261357ce726d2fb0e2019efa3984516d045edca9c68f4b7f51b5810e4b8c","本治理记录所在提交","文档治理","文档治理","公开工作区","本轮提交：本地阶段检查点","已纳入本地提交；恢复时按检查点版本回退或取回"
"docs/integration-guide.md","M ","b3fa6c735ae6612edbfa796c35c95e70561188c95737fef5ff139d5aa838f32e","本治理记录所在提交","文档治理","文档治理","公开工作区","本轮提交：本地阶段检查点","已纳入本地提交；恢复时按检查点版本回退或取回"
"docs/interview-event-centered-product-spec.md","M ","6e484ea0b427107a0a4d5fd95292a30e2aa0ce79ea893973e485c5ffe07d564c","本治理记录所在提交","2026-08-12 当前开发血缘","文档","公开工作区","本轮提交：本地阶段检查点","已纳入本地提交；恢复时按检查点版本回退或取回"
"docs/interview-event-centered-refactor-discussion-map.md","M ","0b660323b71911df3c98ae02744cd9a3060df34dbd78787ae6ac608b48740b35","本治理记录所在提交","2026-08-12 当前开发血缘","文档","公开工作区","本轮提交：本地阶段检查点","已纳入本地提交；恢复时按检查点版本回退或取回"
"docs/interview-product-optimization-map.md","M ","f2ecbbe2aaa10351aa9605c87fb3aa82d09e34ccb798a606ee9b17d98351f4f7","本治理记录所在提交","文档治理","文档治理","公开工作区","本轮提交：本地阶段检查点","已纳入本地提交；恢复时按检查点版本回退或取回"
"docs/maintenance/2026-08-12-local-next-build-performance-incident.md","A ","51074f5e9783981a3acaca6f3d319455c7613ce292bf7bffbae7dafc6e304748","本治理记录所在提交","当前开发血缘：后续增量","文档","公开工作区","本轮提交：本地阶段检查点","已纳入本地提交；恢复时按检查点版本回退或取回"
"docs/maintenance/2026-08-16-document-governance-cleanup-preview.md","A ","da984b70988fe8255fe876086fe57fd41a8d74439caf3a4243de5a099be2f171","本治理记录所在提交","文档治理","文档治理","公开工作区","本轮提交：本地阶段检查点","已纳入本地提交；恢复时按检查点版本回退或取回"
"docs/maintenance/2026-08-16-document-inventory.csv","A ","0de44ea0462fd2a442d1cb979fa460a0aa74e6b175d45e8f62d9dc6e514d0547","本治理记录所在提交","文档治理","文档治理","公开工作区","本轮提交：本地阶段检查点","已纳入本地提交；恢复时按检查点版本回退或取回"
"docs/maintenance/2026-08-16-documentation-governance-and-workspace-audit.md","A ","60a7a59e80979ed475751bc70379260c213a5fb7fe0b4491c419b4f62bf4a5fe","本治理记录所在提交","文档治理","文档治理","公开工作区","本轮提交：本地阶段检查点","已纳入本地提交；恢复时按检查点版本回退或取回"
"docs/maintenance/2026-08-16-evidence-package-inventory.csv","A ","13b0617a5fc08af820390d384ab2edf3e4e94a00eeac309f13fb80551b5a220f","本治理记录所在提交","文档治理","文档治理","公开工作区","本轮提交：本地阶段检查点","已纳入本地提交；恢复时按检查点版本回退或取回"
"docs/maintenance/2026-08-16-workspace-commit-consolidation.md","A ","4aac4f8f5feb7070531cb381a3969f4c2bb1a09d09fd969d5b12dce4371b6665","本治理记录所在提交","当前开发血缘：后续增量","文档","公开工作区","本轮提交：本地阶段检查点","已纳入本地提交；恢复时按检查点版本回退或取回"
"docs/maintenance/2026-08-16-workspace-disposition-ledger.csv","A ","62ebfffdaae710578cbb8eeb528f73cc18ce90c0cc682dc03c34391f0aed6b71","本治理记录所在提交","文档治理","文档治理","公开工作区","本轮提交：本地阶段检查点","已纳入本地提交；恢复时按检查点版本回退或取回"
"docs/operator-runbook.md","M ","61e74c7634dcf0dd56d0a0ca38ca72d59d74aa07ca9916b20664d8619137a218","本治理记录所在提交","文档治理","文档治理","公开工作区","本轮提交：本地阶段检查点","已纳入本地提交；恢复时按检查点版本回退或取回"
"docs/plans/2026-08-11-daily-light-journal-page-frontend-handoff.md","M","69e9bf9041b2904ffdc16578701307ca16ed8bf9f84c9e8c9a5bc4348045e2bd","ed8c36d","2026-08-12 当前开发血缘","文档","公开工作区","本轮提交：本地阶段检查点","已纳入本地提交；恢复时按检查点版本回退或取回"
"docs/plans/2026-08-12-daily-light-end-to-end-integration-handoff.md","A","1d27d0d9419fb4f99486504f2208a6afed3efed0c4430743f168588946663633","ed8c36d","当前开发血缘：后续增量","文档","公开工作区","本轮提交：本地阶段检查点","已纳入本地提交；恢复时按检查点版本回退或取回"
"docs/plans/2026-08-12-daily-light-journal-preview-contract.md","M","584d2b23db36412c3dc98485d49d2568d143316df213d8940643c18a9c2cbd42","ed8c36d","2026-08-12 当前开发血缘","文档","公开工作区","本轮提交：本地阶段检查点","已纳入本地提交；恢复时按检查点版本回退或取回"
"docs/plans/2026-08-16-gi088-response-first-two-stage-and-responsibility-split.md","A","78a628d848275b9c48d8167c8c106d5c3a92836d1c656a0669d1d1b9d78f2593","30cfc03","当前开发血缘：后续增量","文档","公开工作区","本轮提交：本地阶段检查点","已纳入本地提交；恢复时按检查点版本回退或取回"
"docs/plans/2026-08-16-gi088-response-latency-root-cause-discussion-handoff.md","A","33ae1b53b1770b54da8e3a920b8cd55f0a32a622cc7e4425f6df450f19f5067d","30cfc03","当前开发血缘：后续增量","文档","公开工作区","本轮提交：本地阶段检查点","已纳入本地提交；恢复时按检查点版本回退或取回"
"docs/plans/2026-08-16-gi088-two-stage-quality-optimization-and-local-integration.md","A","26a5e1ca8f40f7bc0a1fd66b9b07692a483e2636943ecf597516d1026d419ff1","30cfc03","当前开发血缘：后续增量","文档","公开工作区","本轮提交：本地阶段检查点","已纳入本地提交；恢复时按检查点版本回退或取回"
"docs/README.md","M ","7afaed73d79a8b504a95fbe0192152b22741bee4a0d460934ff9db61023d5a33","本治理记录所在提交","文档治理","文档治理","公开工作区","本轮提交：本地阶段检查点","已纳入本地提交；恢复时按检查点版本回退或取回"
"docs/technical/interview-event-centered/00-generative-interview-ai-product-working-method.md","M ","e33f8e0a94260b5479586a54cfd9bed937e020c2e76cb4c5d79b921bc1be7fb0","本治理记录所在提交","2026-08-12 当前开发血缘","文档","公开工作区","本轮提交：本地阶段检查点","已纳入本地提交；恢复时按检查点版本回退或取回"
"docs/technical/interview-event-centered/00-lead-agent-collaboration-and-delivery.md","M ","eab6449cfe39e57113e7ae62f7ef942589eed50cbf343117ea9b8fc3626b7806","本治理记录所在提交","当前开发血缘：后续增量","文档","公开工作区","本轮提交：本地阶段检查点","已纳入本地提交；恢复时按检查点版本回退或取回"
"docs/technical/interview-event-centered/04j-generative-quality-evaluation-v1.md","M ","e12a27a371f8ea671cb364d964ecca8ddb84e808fb7cc1c325a717528bbb5e59","本治理记录所在提交","文档治理","文档治理","公开工作区","本轮提交：本地阶段检查点","已纳入本地提交；恢复时按检查点版本回退或取回"
"docs/technical/interview-event-centered/07-board7-model-led-semantic-implementation.md","M ","ed6f9aa12a400aa348fc1421fcc50ab67323921ffdb4db2c4791960d5d5df64c","本治理记录所在提交","当前开发血缘：后续增量","文档","公开工作区","本轮提交：本地阶段检查点","已纳入本地提交；恢复时按检查点版本回退或取回"
"docs/vercel-preview-production-lane.md","M ","89efe9a71858d99516123c7765b0bca651cbdfe0f114b732e68317d4eca8f55a","本治理记录所在提交","文档治理","文档治理","公开工作区","本轮提交：本地阶段检查点","已纳入本地提交；恢复时按检查点版本回退或取回"
"evals/event-centered-generative/gi088-event-relationship-explanation-v1/candidate.ts","A","e49421981a8464d5b1fc165acf0417ca297631e3c124fcd10721beabb2a231f3","a13ed6c","当前开发血缘：后续增量","工程配置","公开工作区","本轮提交：本地阶段检查点","已纳入本地提交；恢复时按检查点版本回退或取回"
"evals/event-centered-generative/gi088-relationship-claim-status-v1/candidate.ts","A","0a091dcf808af479c5bbc3288da31e3e070cb90a15c925a490518315d61904c1","30cfc03","当前开发血缘：后续增量","工程配置","公开工作区","本轮提交：本地阶段检查点","已纳入本地提交；恢复时按检查点版本回退或取回"
"evals/event-centered-generative/gi088-response-first-two-stage-v1/candidate.ts","A","3dfc2324a2cb67403408aa7b8eb27ff4fbf8dd8a428046149d1585ad540e6498","30cfc03","当前开发血缘：后续增量","工程配置","公开工作区","本轮提交：本地阶段检查点","已纳入本地提交；恢复时按检查点版本回退或取回"
"package-lock.json","M","37b8712384a55cf9bd0a8667190367e71c0bb5b4291a4eb7ec5b15612e246047","07326c7","当前开发血缘：后续增量","工程配置","公开工作区","本轮提交：本地阶段检查点","已纳入本地提交；恢复时按检查点版本回退或取回"
"package.json","M ","7bbc6ca9732febe9575592050a9c21aa0270ddc4f900a7a9234758b992f96efb","07326c7 + a13ed6c + 30cfc03 + 本治理记录所在提交","文档治理","文档治理","公开工作区","本轮提交：本地阶段检查点","已纳入本地提交；恢复时按检查点版本回退或取回"
"prisma/migrations/20260721120000_add_interview_trusted_understanding/migration.sql","A","2bf2270065295936105a84ff5df5e8bdf65322deaa0457e210239ff76c8b3bca","33ffea2","当前开发血缘：后续增量","数据结构与迁移","公开工作区","本轮提交：本地阶段检查点","已纳入本地提交；恢复时按检查点版本回退或取回"
"prisma/migrations/20260721153000_add_interview_turn_understanding_result/migration.sql","A","83451bc219e232065313e8ee73b5e191a7310d6b071249bdcac2f46ef557e569","33ffea2","当前开发血缘：后续增量","数据结构与迁移","公开工作区","本轮提交：本地阶段检查点","已纳入本地提交；恢复时按检查点版本回退或取回"
"prisma/migrations/20260812140000_add_event_centered_session_sidebar/migration.sql","A","5ba0d1e6c4ec79bee4cfcdfdcf5a20e49dfdc684894454cfe19fb649e93ac0ff","33ffea2","当前开发血缘：后续增量","数据结构与迁移","公开工作区","本轮提交：本地阶段检查点","已纳入本地提交；恢复时按检查点版本回退或取回"
"prisma/migrations/20260812150000_allow_two_event_centered_roots/migration.sql","A","2797a172570f30629b67b0341d5ad5b9528fe20f28faee675f689440ad5d1e0d","33ffea2","当前开发血缘：后续增量","数据结构与迁移","公开工作区","本轮提交：本地阶段检查点","已纳入本地提交；恢复时按检查点版本回退或取回"
"prisma/migrations/20260812151000_allow_message_sourced_event_cards/migration.sql","A","490b0300e314a54394550ec1c0befb3a90f286a5c2e1af9c5ba8f641566f3df9","33ffea2","当前开发血缘：后续增量","数据结构与迁移","公开工作区","本轮提交：本地阶段检查点","已纳入本地提交；恢复时按检查点版本回退或取回"
"prisma/schema.prisma","M","d9323ab6f3438b54f1ec0c560459aeb889bea76e5792e71bc6fbc92f73c47d38","33ffea2","2026-08-12 当前开发血缘","数据结构与迁移","公开工作区","本轮提交：本地阶段检查点","已纳入本地提交；恢复时按检查点版本回退或取回"
"PRODUCT.md","M ","e6427ae1c719f30f6448b751b20e4cdecfd332a5e5b9c6047b94d98d4aecb2c3","本治理记录所在提交","文档治理","文档治理","公开工作区","本轮提交：本地阶段检查点","已纳入本地提交；恢复时按检查点版本回退或取回"
"README.md","M ","8c7e4649372ad9f435d162b78b8379adc00efba1edf8f021377722ecf40d0914","本治理记录所在提交","文档治理","文档治理","公开工作区","本轮提交：本地阶段检查点","已纳入本地提交；恢复时按检查点版本回退或取回"
"scripts/check-document-governance.mjs","A ","6dbc77d5998a285107010274fed7d9bbc8ca8d7ccb558751df983659287b7036","本治理记录所在提交","文档治理","文档治理","公开工作区","本轮提交：本地阶段检查点","已纳入本地提交；恢复时按检查点版本回退或取回"
"scripts/finalize-gi088-event-relationship-explanation-retest.ts","A","c9b3d1559444d3105b60c7ae2d5e5ebf1c67c6911f2b1191bdf8966dce7b7b9f","a13ed6c","当前开发血缘：后续增量","脚本","公开工作区","本轮提交：本地阶段检查点","已纳入本地提交；恢复时按检查点版本回退或取回"
"scripts/finalize-gi088-real-problem-sentinel-baseline.ts","A","27b160fd82a1fc669354ff9695ad3b5b52c91111af621173c7e764f19088d4e5","a13ed6c","当前开发血缘：后续增量","脚本","公开工作区","本轮提交：本地阶段检查点","已纳入本地提交；恢复时按检查点版本回退或取回"
"scripts/finalize-gi088-relationship-claim-status-probe.ts","A","daee2169806323894985bea05e52fc1a410f3eaf23a98d6030bd6cef583de7db","30cfc03","当前开发血缘：后续增量","脚本","公开工作区","本轮提交：本地阶段检查点","已纳入本地提交；恢复时按检查点版本回退或取回"
"scripts/finalize-gi088-response-latency-contract-ab.ts","A","4cdd37553e9996b5a3f445398a3f2df15b36494f44961b45b3328706d655d91f","30cfc03","当前开发血缘：后续增量","脚本","公开工作区","本轮提交：本地阶段检查点","已纳入本地提交；恢复时按检查点版本回退或取回"
"scripts/generate-document-governance-inventory.mjs","A ","a4ef8fc6e7f706129b567d17d16ca60ac3b51867a0408f1059051c34252b12aa","本治理记录所在提交","文档治理","文档治理","公开工作区","本轮提交：本地阶段检查点","已纳入本地提交；恢复时按检查点版本回退或取回"
"scripts/gi088-evaluation-asset-review-template.html","A","a4d30790ab8f3f3d3ba33c367b4a0ae698b74c6f7603a771a17f8fb83969b798","a13ed6c","当前开发血缘：后续增量","脚本","公开工作区","本轮提交：本地阶段检查点","已纳入本地提交；恢复时按检查点版本回退或取回"
"scripts/gi088-historical-real-gold-template.html","A","5131ff9d997dff771e4bc72fb288aba9a7c1c27cb926cbaa23128e9136ac2e9e","a13ed6c","当前开发血缘：后续增量","脚本","公开工作区","本轮提交：本地阶段检查点","已纳入本地提交；恢复时按检查点版本回退或取回"
"scripts/gi088-real-conversation-review-template.html","A","2e6415f14237a0bdab7fd3e81100669503cdf9d21a7789c43809f2c88bb969b4","a13ed6c","当前开发血缘：后续增量","脚本","公开工作区","本轮提交：本地阶段检查点","已纳入本地提交；恢复时按检查点版本回退或取回"
"scripts/gi088-real-problem-regression-template.html","A","031523498fa8175fd4306f4aed45182073674f06865901b7e3eb2ffbdf57dfc0","a13ed6c","当前开发血缘：后续增量","脚本","公开工作区","本轮提交：本地阶段检查点","已纳入本地提交；恢复时按检查点版本回退或取回"
"scripts/inspect-gi088-response-first-case-projection.ts","A","9bd6560e15c11e8a07411375b01880fb137c33892547fff14e84ee466f0f6905","30cfc03","当前开发血缘：后续增量","脚本","公开工作区","本轮提交：本地阶段检查点","已纳入本地提交；恢复时按检查点版本回退或取回"
"scripts/inspect-gi088-response-first-two-stage.ts","A","f91b38cffad9790853755f475eec870659a4b8f45dcedbcb0ca949eefc6062dd","30cfc03","当前开发血缘：后续增量","脚本","公开工作区","本轮提交：本地阶段检查点","已纳入本地提交；恢复时按检查点版本回退或取回"
"scripts/prepare-gi088-evaluation-asset-review.ts","A","e18c40d19faecd6e12bcb9cd6d7d0b8381f9e6209e0a82da81818bee9a9f96a4","a13ed6c","当前开发血缘：后续增量","脚本","公开工作区","本轮提交：本地阶段检查点","已纳入本地提交；恢复时按检查点版本回退或取回"
"scripts/prepare-gi088-historical-real-gold.ts","A","401399e826a047680d31e02ffc89dd1d4c44b210df04c553ee973dfd6f5b1141","a13ed6c","当前开发血缘：后续增量","脚本","公开工作区","本轮提交：本地阶段检查点","已纳入本地提交；恢复时按检查点版本回退或取回"
"scripts/prepare-gi088-real-conversation-review.ts","A","1fe5e4c1cd3fbc88d4c3d81b05562df608facdc323800f67c4b81066d1ae4c39","a13ed6c","当前开发血缘：后续增量","脚本","公开工作区","本轮提交：本地阶段检查点","已纳入本地提交；恢复时按检查点版本回退或取回"
"scripts/prepare-gi088-real-problem-regression.ts","A","1209de79b69aaf00bb27c655a6970799cd26360f27875a8fe4ac9d51caa53bbe","a13ed6c","当前开发血缘：后续增量","脚本","公开工作区","本轮提交：本地阶段检查点","已纳入本地提交；恢复时按检查点版本回退或取回"
"scripts/prepare-gi088-relationship-claim-status-probe.ts","A","679966a406102eae19f1444acb41d07c334fb94cb4215e7a5d5166a5de932557","30cfc03","当前开发血缘：后续增量","脚本","公开工作区","本轮提交：本地阶段检查点","已纳入本地提交；恢复时按检查点版本回退或取回"
"scripts/prepare-gi088-response-latency-contract-ab.ts","A","dbe1ca8337e996ad531757b6d99f2599f30a54f0768a43a9c8354cd352799936","30cfc03","当前开发血缘：后续增量","脚本","公开工作区","本轮提交：本地阶段检查点","已纳入本地提交；恢复时按检查点版本回退或取回"
"scripts/prepare-gi088-stage-c3-gold-review.ts","A","9e8fe8688ab41a078fb9994ace6cc0f19a60d53f493107417ff6db78de90037a","a13ed6c","当前开发血缘：后续增量","脚本","公开工作区","本轮提交：本地阶段检查点","已纳入本地提交；恢复时按检查点版本回退或取回"
"scripts/run-gi088-event-relationship-explanation-retest.ts","A","7aa00ba3d4954a7cdbfc601e28adb3e2223eaf655f1ea2b437c12f8667e346d7","a13ed6c","当前开发血缘：后续增量","脚本","公开工作区","本轮提交：本地阶段检查点","已纳入本地提交；恢复时按检查点版本回退或取回"
"scripts/run-gi088-real-problem-sentinel-baseline.ts","A","55a66b26bafc2dce11a64c05a217513fc2bdcb8085023e89c3fd08ab0f56254a","a13ed6c","当前开发血缘：后续增量","脚本","公开工作区","本轮提交：本地阶段检查点","已纳入本地提交；恢复时按检查点版本回退或取回"
"scripts/run-gi088-relationship-claim-status-probe.ts","A","f7252f4d9b98446b6f2df4cfc1d38e8525961fbc00b138c1fac0686bbc5d0518","30cfc03","当前开发血缘：后续增量","脚本","公开工作区","本轮提交：本地阶段检查点","已纳入本地提交；恢复时按检查点版本回退或取回"
"scripts/run-gi088-response-first-visible-quality.ts","A","5b4ba34fe1aec78e26e55e382917a51dfa7b961e53fd343dec362040586936ca","30cfc03","当前开发血缘：后续增量","脚本","公开工作区","本轮提交：本地阶段检查点","已纳入本地提交；恢复时按检查点版本回退或取回"
"scripts/run-gi088-response-latency-contract-ab.ts","A","f004173335f872541dbcbb4f3daa63d8bf54225d5d8335d14c299cd27493bccb","30cfc03","当前开发血缘：后续增量","脚本","公开工作区","本轮提交：本地阶段检查点","已纳入本地提交；恢复时按检查点版本回退或取回"
"scripts/run-gi088-visible-contract-burden-ab.ts","A","6fc64501d085b1001a124f74ed9a417924af4a40dbdb10bfe78d5423ae38a6ba","30cfc03","当前开发血缘：后续增量","脚本","公开工作区","本轮提交：本地阶段检查点","已纳入本地提交；恢复时按检查点版本回退或取回"
"src/app/analysis/page.tsx","M","52008d84a3ef7352c8a3f2653f9f25da30b58fdf09cf0eb9da1e45771b15a5ff","ed8c36d","当前开发血缘：后续增量","产品代码","公开工作区","本轮提交：本地阶段检查点","已纳入本地提交；恢复时按检查点版本回退或取回"
"src/app/api/insights/self/route.ts","A","1a13e096d275c941454ff878027703837cdc3617f810b27de0a9e94e898b08bf","ed8c36d","当前开发血缘：后续增量","产品代码","公开工作区","本轮提交：本地阶段检查点","已纳入本地提交；恢复时按检查点版本回退或取回"
"src/app/api/insights/trends/route.ts","A","22c80b0486c88d7ea9592f1da9e3010e288d3d37adaa6ece5ba5594ba3ab5396","ed8c36d","当前开发血缘：后续增量","产品代码","公开工作区","本轮提交：本地阶段检查点","已纳入本地提交；恢复时按检查点版本回退或取回"
"src/app/api/interview/event-centered/issue-response.ts","A","813a6a6f99e4491ce562068b32259bda748c1337fcfa338fbac8325034c258ae","33ffea2","当前开发血缘：后续增量","产品代码","公开工作区","本轮提交：本地阶段检查点","已纳入本地提交；恢复时按检查点版本回退或取回"
"src/app/api/interview/event-centered/journal/[id]/route.ts","M","c47ca1efac3566c87e096661f437563c3d07d19995871cc6f45faa2c7dd335fa","33ffea2","2026-08-12 当前开发血缘","产品代码","公开工作区","本轮提交：本地阶段检查点","已纳入本地提交；恢复时按检查点版本回退或取回"
"src/app/api/interview/event-centered/session/[id]/route.ts","M","aba89fe8e27abd94d33b74a10be7d48973672b728b4a98dffafca691cc97530c","33ffea2","当前开发血缘：后续增量","产品代码","公开工作区","本轮提交：本地阶段检查点","已纳入本地提交；恢复时按检查点版本回退或取回"
"src/app/api/interview/event-centered/session/start/route.ts","M","2ba4f811cc79627cf85485711d5f6f5eb6e6ca63eb50f75e9ba701b6d5eb9384","33ffea2","2026-08-12 当前开发血缘","产品代码","公开工作区","本轮提交：本地阶段检查点","已纳入本地提交；恢复时按检查点版本回退或取回"
"src/app/api/interview/event-centered/session/turn/route.ts","M","08fe5375411ebc985247221c9dde8cd66ef6c82f0151e8372fb2882a9be3e251","33ffea2","当前开发血缘：后续增量","产品代码","公开工作区","本轮提交：本地阶段检查点","已纳入本地提交；恢复时按检查点版本回退或取回"
"src/app/api/interview/event-centered/sessions/route.ts","M","5f592b215e2e6b1c35e10b16aea67ad1b77555982fb04c591f2a24b0e80f22a1","33ffea2","当前开发血缘：后续增量","产品代码","公开工作区","本轮提交：本地阶段检查点","已纳入本地提交；恢复时按检查点版本回退或取回"
"src/app/api/journal/archive/route.ts","A","5605c742c8172c0806bfa9cf044676bbbfbffee5d6b80f3371d98e0db0f76134","33ffea2","当前开发血缘：后续增量","产品代码","公开工作区","本轮提交：本地阶段检查点","已纳入本地提交；恢复时按检查点版本回退或取回"
"src/app/api/journal/preview/session/route.ts","M","9ba8a06515e85f88b2e888effe06dd9959d427b71b2d79aa40a76c75b5ea7047","33ffea2","2026-08-12 当前开发血缘","产品代码","公开工作区","本轮提交：本地阶段检查点","已纳入本地提交；恢复时按检查点版本回退或取回"
"src/app/api/preview/gi088/early-stop/route.ts","M","5d9a1ca91fe562eac7c872f588254adaac82ccbbc0b352413f991e58d5187ca1","a13ed6c","当前开发血缘：后续增量","产品代码","公开工作区","本轮提交：本地阶段检查点","已纳入本地提交；恢复时按检查点版本回退或取回"
"src/app/calendar/page.tsx","M","db8446d28709edac2e1b6fae8163c1ae5244b9d2dce9d6eb0d7de8e858f6a468","ed8c36d","2026-08-12 当前开发血缘","产品代码","公开工作区","本轮提交：本地阶段检查点","已纳入本地提交；恢复时按检查点版本回退或取回"
"src/app/globals.css","M","eaf4f13731088206774860cf9a68047ebaa1d7dd3d9dc9aa48932a59892eff94","ed8c36d","2026-08-12 当前开发血缘","产品代码","公开工作区","本轮提交：本地阶段检查点","已纳入本地提交；恢复时按检查点版本回退或取回"
"src/app/insights/error.tsx","A","d39d165aaf6146056dae8f9c22ba6884adcc48248a525f8ccc8f97ae5ca8f5b6","ed8c36d","当前开发血缘：后续增量","产品代码","公开工作区","本轮提交：本地阶段检查点","已纳入本地提交；恢复时按检查点版本回退或取回"
"src/app/insights/loading.tsx","A","9f1226207f327e63b90059f9a0b5f1514b9729030ea3e4a1688bca490548475d","ed8c36d","当前开发血缘：后续增量","产品代码","公开工作区","本轮提交：本地阶段检查点","已纳入本地提交；恢复时按检查点版本回退或取回"
"src/app/insights/page.tsx","A","5160630e570381fcad19775fbd29800067f47a80b3bd3de6a73c964545e9a096","ed8c36d","当前开发血缘：后续增量","产品代码","公开工作区","本轮提交：本地阶段检查点","已纳入本地提交；恢复时按检查点版本回退或取回"
"src/app/interview/loading.tsx","M","46f18d9c4b27187809206cc0b9bb6cce3b4da4f4adc5651d75270f9a5d5eb84f","33ffea2","当前开发血缘：后续增量","产品代码","公开工作区","本轮提交：本地阶段检查点","已纳入本地提交；恢复时按检查点版本回退或取回"
"src/app/interview/page.tsx","M","e7d6fbbc41ade12359208134698ad1b8b701a2052a7221e5da8cc45fbaf19698","33ffea2","2026-08-12 当前开发血缘","产品代码","公开工作区","本轮提交：本地阶段检查点","已纳入本地提交；恢复时按检查点版本回退或取回"
"src/app/layout.tsx","M","636eb1df9f6b62788416e2739368da8ae0788f20a8ba16d54aec43e22529583b","ed8c36d","2026-08-12 当前开发血缘","产品代码","公开工作区","本轮提交：本地阶段检查点","已纳入本地提交；恢复时按检查点版本回退或取回"
"src/app/legal/legal-page-view.tsx","A","a1ab893856d1e62ade20ddaab74c8e6139b3694b1207dcb32ec09d001068070b","ed8c36d","当前开发血缘：后续增量","产品代码","公开工作区","本轮提交：本地阶段检查点","已纳入本地提交；恢复时按检查点版本回退或取回"
"src/app/legal/privacy/page.tsx","M","798cdde0eccb68190b6fdfe2b084c93634f9cd452480e4d342fef651a61238ef","ed8c36d","当前开发血缘：后续增量","产品代码","公开工作区","本轮提交：本地阶段检查点","已纳入本地提交；恢复时按检查点版本回退或取回"
"src/app/legal/terms/page.tsx","M","6c153a17a69794633f79fcbdb08091b285b7c210629693fa321046ffc41154a6","ed8c36d","当前开发血缘：后续增量","产品代码","公开工作区","本轮提交：本地阶段检查点","已纳入本地提交；恢复时按检查点版本回退或取回"
"src/app/page.tsx","M","87d1a4ca70e1d4b4453f94346c72290693940f9ab0ffcd732f2e910547d4ba0e","ed8c36d","当前开发血缘：后续增量","产品代码","公开工作区","本轮提交：本地阶段检查点","已纳入本地提交；恢复时按检查点版本回退或取回"
"src/app/preview/daily-light-journal-fixed/page.tsx","A","b03e48e83316483bd4a31eaa2f2f21646f021d73aaf46c6d4f4df160644687fd","ed8c36d","当前开发血缘：后续增量","产品代码","公开工作区","本轮提交：本地阶段检查点","已纳入本地提交；恢复时按检查点版本回退或取回"
"src/app/preview/daily-light-visual-review/page.tsx","M","9b80a0322ad8a9f3454c6b63b1b6d0bf876e45d5cfd2517857be45fc0ba4d5d1","ed8c36d","2026-08-12 当前开发血缘","产品代码","公开工作区","本轮提交：本地阶段检查点","已纳入本地提交；恢复时按检查点版本回退或取回"
"src/app/profile/page.tsx","M","fbbec30902925b23d46f94c233674e89c9ddc68ba3793ec607ceff5072cfe258","ed8c36d","当前开发血缘：后续增量","产品代码","公开工作区","本轮提交：本地阶段检查点","已纳入本地提交；恢复时按检查点版本回退或取回"
"src/app/settings/account/page.tsx","M","e77442e75b6dc363e091950d7f47e946fb56970b3bde21f91b0ade58f2bbefac","ed8c36d","当前开发血缘：后续增量","产品代码","公开工作区","本轮提交：本地阶段检查点","已纳入本地提交；恢复时按检查点版本回退或取回"
"src/app/settings/page.tsx","M","af0378c044884c509005abfa0253489e8d6cff242d168dd6ec70487d01fc5588","ed8c36d","当前开发血缘：后续增量","产品代码","公开工作区","本轮提交：本地阶段检查点","已纳入本地提交；恢复时按检查点版本回退或取回"
"src/components/auth/account-danger-zone.tsx","M","66e5f215b0592018402bf331dcc15cfd6a3dc5895eacae0f36ed6f84bffebbcb","ed8c36d","当前开发血缘：后续增量","产品代码","公开工作区","本轮提交：本地阶段检查点","已纳入本地提交；恢复时按检查点版本回退或取回"
"src/components/auth/account-settings-client.tsx","M","9fa53acb3e2cbbc8d67d9e44e0f58d38b5e291f420cb55d001cb89c834078136","ed8c36d","当前开发血缘：后续增量","产品代码","公开工作区","本轮提交：本地阶段检查点","已纳入本地提交；恢复时按检查点版本回退或取回"
"src/components/auth/auth-form-shell.tsx","M","bfa7842f4ea030c978fd378898eb5ca1117fe14b1cc0370dbe1d60f73c17dd9c","ed8c36d","当前开发血缘：后续增量","产品代码","公开工作区","本轮提交：本地阶段检查点","已纳入本地提交；恢复时按检查点版本回退或取回"
"src/components/auth/legal-consent-links.tsx","M","0f38291260cd0bb1c301128c065072cdc08a72efd617fe44a59f961a18596f0d","ed8c36d","当前开发血缘：后续增量","产品代码","公开工作区","本轮提交：本地阶段检查点","已纳入本地提交；恢复时按检查点版本回退或取回"
"src/components/auth/login-form.tsx","M","ded2153df895739b82d7855d9bf522f4c56c506deb32dec986566369fcf201e3","ed8c36d","当前开发血缘：后续增量","产品代码","公开工作区","本轮提交：本地阶段检查点","已纳入本地提交；恢复时按检查点版本回退或取回"
"src/components/auth/login-page-client.tsx","M","0b8a4529f1626a8e3bfcddfc0bdcfe3588732d67d43c4522f8069698c90ee018","ed8c36d","当前开发血缘：后续增量","产品代码","公开工作区","本轮提交：本地阶段检查点","已纳入本地提交；恢复时按检查点版本回退或取回"
"src/components/auth/register-form.tsx","M","82f1c62b9c91083836b7c77a269ff048c316a9d8e5c6245d4b68f526fb9d9141","ed8c36d","当前开发血缘：后续增量","产品代码","公开工作区","本轮提交：本地阶段检查点","已纳入本地提交；恢复时按检查点版本回退或取回"
"src/components/auth/register-page-client.tsx","M","821c39a26b959abd9fcf9cb4ad4fc420a985377e6f530925d2b58a74dc62fbfd","ed8c36d","当前开发血缘：后续增量","产品代码","公开工作区","本轮提交：本地阶段检查点","已纳入本地提交；恢复时按检查点版本回退或取回"
"src/components/auth/settings-account-panel.tsx","M","d6a017e5c0eb8895ce7c2303681065b70d7c01f7a8fa1b1a30144a2772e0a7aa","ed8c36d","当前开发血缘：后续增量","产品代码","公开工作区","本轮提交：本地阶段检查点","已纳入本地提交；恢复时按检查点版本回退或取回"
"src/components/calendar/calendar-router-shell.tsx","M","94cbe4c505aa63abcf018fd67daa0ebec9ed3a8c95772552209be67ed23e7c60","ed8c36d","2026-08-12 当前开发血缘","产品代码","公开工作区","本轮提交：本地阶段检查点","已纳入本地提交；恢复时按检查点版本回退或取回"
"src/components/calendar/calendar-workspace-fallback.tsx","M","778e819d2853509150391dc3f31eab7f09c86b65a899b296ea249c0ad97b435f","ed8c36d","2026-08-12 当前开发血缘","产品代码","公开工作区","本轮提交：本地阶段检查点","已纳入本地提交；恢复时按检查点版本回退或取回"
"src/components/home/home-page-view.tsx","A","99d0439348b17a407079701b37bb819ddb33dfa6406650e0e4bece3d15badd1b","ed8c36d","当前开发血缘：后续增量","产品代码","公开工作区","本轮提交：本地阶段检查点","已纳入本地提交；恢复时按检查点版本回退或取回"
"src/components/home/start-interview-link.tsx","M","5ea74ad3ab15d0e166d81404ed622cf33d68697ba7c2b19b7297f0fa6cf7a7be","ed8c36d","当前开发血缘：后续增量","产品代码","公开工作区","本轮提交：本地阶段检查点","已纳入本地提交；恢复时按检查点版本回退或取回"
"src/components/insights/index.ts","A","6d78bd3c9f0bed6ee3f178454fe0340ef879507c71fb2dd0012d3afe312185e9","ed8c36d","当前开发血缘：后续增量","产品代码","公开工作区","本轮提交：本地阶段检查点","已纳入本地提交；恢复时按检查点版本回退或取回"
"src/components/insights/insights-demo-data.ts","A","609748dbda0c5013acfa0fdee445050e1db7aeae6212c2f37c834a4a737ead88","ed8c36d","当前开发血缘：后续增量","产品代码","公开工作区","本轮提交：本地阶段检查点","已纳入本地提交；恢复时按检查点版本回退或取回"
"src/components/insights/insights-workspace-skeleton.tsx","A","5abd507ff563118f9cd5e838754c07857cd163010be7387805f436d5568e609f","ed8c36d","当前开发血缘：后续增量","产品代码","公开工作区","本轮提交：本地阶段检查点","已纳入本地提交；恢复时按检查点版本回退或取回"
"src/components/insights/insights-workspace-view.tsx","A","43d0c4247cffbda376843253008971028f622cdd046d6dbc6526d6ce7a2d91dd","ed8c36d","当前开发血缘：后续增量","产品代码","公开工作区","本轮提交：本地阶段检查点","已纳入本地提交；恢复时按检查点版本回退或取回"
"src/components/interview/event-centered/event-centered-dialogue-workspace-view.tsx","M","41142d8ed949c8066745db869d7ba0809740db446e96a979f3c040b3f03615cb","33ffea2","2026-08-12 当前开发血缘","产品代码","公开工作区","本轮提交：本地阶段检查点","已纳入本地提交；恢复时按检查点版本回退或取回"
"src/components/interview/event-centered/event-centered-interview-chrome-context.tsx","M","84a4f7b0197f27e8211726483114fe68ae6fc78c037a766d03e353d7fa043482","33ffea2","2026-08-12 当前开发血缘","产品代码","公开工作区","本轮提交：本地阶段检查点","已纳入本地提交；恢复时按检查点版本回退或取回"
"src/components/interview/event-centered/event-centered-interview-workspace.tsx","M","d8658290bbc6838588c41a7558e295d297392e89d33397fe114d309a508ee9e0","33ffea2","2026-08-12 当前开发血缘","产品代码","公开工作区","本轮提交：本地阶段检查点","已纳入本地提交；恢复时按检查点版本回退或取回"
"src/components/interview/event-centered/event-centered-session-sidebar.tsx","A","8dde7475896f5678968474f79d818fb7b21f2655bc0b3c035962d4e49e4eceda","33ffea2","当前开发血缘：后续增量","产品代码","公开工作区","本轮提交：本地阶段检查点","已纳入本地提交；恢复时按检查点版本回退或取回"
"src/components/interview/interview-message-bubble.tsx","M","85d1e16aa276923773a811520555243e0e348a5eef10aab857b7a3a2dfa307c8","33ffea2","2026-08-12 当前开发血缘","产品代码","公开工作区","本轮提交：本地阶段检查点","已纳入本地提交；恢复时按检查点版本回退或取回"
"src/components/journal/journal-archive-workspace-fallback.tsx","M","ac7486f99cf8cfa2c085d49e154f46b76e1f4c6d34ab90711b671f0760bfd3eb","33ffea2","2026-08-12 当前开发血缘","产品代码","公开工作区","本轮提交：本地阶段检查点","已纳入本地提交；恢复时按检查点版本回退或取回"
"src/components/journal/journal-client.ts","M","f959b7ccc66a84de43ca9588df56dbf47a687d05bdef7a3150e2e76516f57eae","33ffea2","2026-08-12 当前开发血缘","产品代码","公开工作区","本轮提交：本地阶段检查点","已纳入本地提交；恢复时按检查点版本回退或取回"
"src/components/journal/journal-day-workspace.tsx","M","996da70b1be6c652af2513762acff78b24a638535c7c97c7ff769bdb37e17a6a","33ffea2","2026-08-12 当前开发血缘","产品代码","公开工作区","本轮提交：本地阶段检查点","已纳入本地提交；恢复时按检查点版本回退或取回"
"src/components/journal/journal-period-client.ts","M","c9701d30f27d3b442f9194fa25ee7d8af22533a2754b1ed22251656e7973a89d","33ffea2","2026-08-12 当前开发血缘","产品代码","公开工作区","本轮提交：本地阶段检查点","已纳入本地提交；恢复时按检查点版本回退或取回"
"src/components/journal/journal-period-report-container.tsx","M","db36a2cc7df70ab3374be670bd812bd963435229103395d4125b1391f536474a","33ffea2","2026-08-12 当前开发血缘","产品代码","公开工作区","本轮提交：本地阶段检查点","已纳入本地提交；恢复时按检查点版本回退或取回"
"src/components/journal/journal-period-report-workspace.tsx","M","7962231b4bc083eb71daf85307503c6d75df1bedaba54df19c8bfb76a3fe887a","33ffea2","2026-08-12 当前开发血缘","产品代码","公开工作区","本轮提交：本地阶段检查点","已纳入本地提交；恢复时按检查点版本回退或取回"
"src/components/journal/journal-timeline.tsx","A","6940559b521a69fab4a0a1b754ba2a5454e96b114b4344598bb036d45f037eed","33ffea2","当前开发血缘：后续增量","产品代码","公开工作区","本轮提交：本地阶段检查点","已纳入本地提交；恢复时按检查点版本回退或取回"
"src/components/journal/journal-workspace-frame.tsx","A","8c53828c4eb8f2adf1e07f679464744f84209abc0f8af624e7c44b7fd964c238","33ffea2","当前开发血缘：后续增量","产品代码","公开工作区","本轮提交：本地阶段检查点","已纳入本地提交；恢复时按检查点版本回退或取回"
"src/components/preview/daily-light-journal-fixed-preview.tsx","A","d0e83ac147417f84b0cae6be24be1a2f9687d25f555b6b310a881c5a09d341a0","ed8c36d","当前开发血缘：后续增量","产品代码","公开工作区","本轮提交：本地阶段检查点","已纳入本地提交；恢复时按检查点版本回退或取回"
"src/components/preview/daily-light-visual-review.tsx","M","03457d6645c016e921bc146855df627c4a873b245b6dbd2028175ca7f0c7fd23","ed8c36d","2026-08-12 当前开发血缘","产品代码","公开工作区","本轮提交：本地阶段检查点","已纳入本地提交；恢复时按检查点版本回退或取回"
"src/components/settings/settings-page-view.tsx","A","a7ef23693090161afe63bff5745e3951cc383c517fb84ee306df4c11444eaf9e","ed8c36d","当前开发血缘：后续增量","产品代码","公开工作区","本轮提交：本地阶段检查点","已纳入本地提交；恢复时按检查点版本回退或取回"
"src/components/shared/public-security-footer.tsx","M","48815e4d288a5287ffaaf54870e530fa591f4f1577b9824418b6fdde9e4970f7","ed8c36d","当前开发血缘：后续增量","产品代码","公开工作区","本轮提交：本地阶段检查点","已纳入本地提交；恢复时按检查点版本回退或取回"
"src/components/shared/site-header.tsx","M","471344ce78e750d3b0765bb03a70bb7ebb7c1a6e8fb298f6674ccf469e5be9d9","ed8c36d","2026-08-12 当前开发血缘","产品代码","公开工作区","本轮提交：本地阶段检查点","已纳入本地提交；恢复时按检查点版本回退或取回"
"src/components/shared/site-header/account-menu-icons.tsx","A","5a75ad49235011b6b18ba6bd025d0235c8b74af38c16064b65c5fdaa2c792133","ed8c36d","当前开发血缘：后续增量","产品代码","公开工作区","本轮提交：本地阶段检查点","已纳入本地提交；恢复时按检查点版本回退或取回"
"src/components/shared/site-header/account-menu.tsx","A","bbfc628c7d8278b1b1ffc09fa0ffeafdac8f507a5ef038baff01949d0b5d0e81","ed8c36d","当前开发血缘：后续增量","产品代码","公开工作区","本轮提交：本地阶段检查点","已纳入本地提交；恢复时按检查点版本回退或取回"
"src/components/shared/site-header/event-centered-interview-header.tsx","M","7cf90daaf63b50d8e49c8df9f0b52a904ca8a2f83ae42f4f2eff3debed9a8e1a","33ffea2","2026-08-12 当前开发血缘","产品代码","公开工作区","本轮提交：本地阶段检查点","已纳入本地提交；恢复时按检查点版本回退或取回"
"src/components/shared/site-header/site-header-nav.tsx","M","9c7671bd55bb7010a10c19f89b2d609699dc72516f9d92c2ce7d07edaba1308f","ed8c36d","2026-08-12 当前开发血缘","产品代码","公开工作区","本轮提交：本地阶段检查点","已纳入本地提交；恢复时按检查点版本回退或取回"
"src/components/ui/action-menu.tsx","M","c1c30ecaa030133aea4942c1af6970cf71f0352543717cb25d7ed046c7e2447b","ed8c36d","2026-08-12 当前开发血缘","产品代码","公开工作区","本轮提交：本地阶段检查点","已纳入本地提交；恢复时按检查点版本回退或取回"
"src/components/ui/app-toast.tsx","M","b3c2f8caf2b95ce03c335737d333b6240fc5d36cae7a3a64960480a9930023e2","ed8c36d","当前开发血缘：后续增量","产品代码","公开工作区","本轮提交：本地阶段检查点","已纳入本地提交；恢复时按检查点版本回退或取回"
"src/components/ui/confirm-dialog.tsx","M","d09178941efb507f97bf5685f3539024ca0e54db8370ef4cbaad7e195c8848ff","ed8c36d","当前开发血缘：后续增量","产品代码","公开工作区","本轮提交：本地阶段检查点","已纳入本地提交；恢复时按检查点版本回退或取回"
"src/components/ui/field.tsx","A","6b92170d6103482dab8a86906cdd1ad232ea53dfdcdda0c2703b8fef2ea1da55","ed8c36d","当前开发血缘：后续增量","产品代码","公开工作区","本轮提交：本地阶段检查点","已纳入本地提交；恢复时按检查点版本回退或取回"
"src/components/ui/floating-composer.tsx","A","39c5c452e8ec8f57c65b917d148286d9e29e92429231c2de892dad07526c2383","ed8c36d","当前开发血缘：后续增量","产品代码","公开工作区","本轮提交：本地阶段检查点","已纳入本地提交；恢复时按检查点版本回退或取回"
"src/components/ui/icon-button.tsx","A","141854457904d4e9b796a5b41b23a83c3ccca93dc393d46715f48f69525327ba","ed8c36d","当前开发血缘：后续增量","产品代码","公开工作区","本轮提交：本地阶段检查点","已纳入本地提交；恢复时按检查点版本回退或取回"
"src/components/ui/index.ts","M","45cf19d0fee4aa983feae10c29543434834f0d5241263e73aa036320d1174567","ed8c36d","2026-08-12 当前开发血缘","产品代码","公开工作区","本轮提交：本地阶段检查点","已纳入本地提交；恢复时按检查点版本回退或取回"
"src/components/ui/reading-document.tsx","A","0afc694fc5298d64d9f3c14f70f98932958e7aa38e022a9c2322f03e5ef4abce","ed8c36d","当前开发血缘：后续增量","产品代码","公开工作区","本轮提交：本地阶段检查点","已纳入本地提交；恢复时按检查点版本回退或取回"
"src/components/ui/segmented-navigation.tsx","A","5717d5101ee9207d475b2e8bb7ca51d96433883abf72c1a3d34f4670cbb85c34","ed8c36d","当前开发血缘：后续增量","产品代码","公开工作区","本轮提交：本地阶段检查点","已纳入本地提交；恢复时按检查点版本回退或取回"
"src/components/ui/status-badge.tsx","A","8cfe9b2f8a34f9a6b11a4f881d6dfcef6b81413de79ad206ad1fc8b05817dc2d","ed8c36d","当前开发血缘：后续增量","产品代码","公开工作区","本轮提交：本地阶段检查点","已纳入本地提交；恢复时按检查点版本回退或取回"
"src/components/ui/workspace-sidebar-controller.tsx","A","ffb92e2e5f25414ba7d2743e1f7d8679f007aab94da87e07f0d68741374c2e4f","ed8c36d","当前开发血缘：后续增量","产品代码","公开工作区","本轮提交：本地阶段检查点","已纳入本地提交；恢复时按检查点版本回退或取回"
"src/components/ui/workspace-sidebar-icons.tsx","A","7ffbfb3e031df7a3d908f2f845440d913094e36d000868dd2b0c47c838b9e94d","ed8c36d","当前开发血缘：后续增量","产品代码","公开工作区","本轮提交：本地阶段检查点","已纳入本地提交；恢复时按检查点版本回退或取回"
"src/components/ui/workspace-sidebar.tsx","A","e8632627dfa50492a9443071d71c484967feafa525c471cd1ee266fc0e62eaec","ed8c36d","当前开发血缘：后续增量","产品代码","公开工作区","本轮提交：本地阶段检查点","已纳入本地提交；恢复时按检查点版本回退或取回"
"src/content/homepage.ts","M","756ebe3eb39988509ccac7e7e1daede354f1316e83a97201066442df78cea29d","ed8c36d","当前开发血缘：后续增量","产品代码","公开工作区","本轮提交：本地阶段检查点","已纳入本地提交；恢复时按检查点版本回退或取回"
"src/features/auth/auth-local.ts","M","80edd5589254d01a5005aabd82f806c4f18e1256f0c83a578937ed2f0375bf14","ed8c36d","当前开发血缘：后续增量","产品代码","公开工作区","本轮提交：本地阶段检查点","已纳入本地提交；恢复时按检查点版本回退或取回"
"src/features/interview/event-centered/workspace-client.ts","M","df13e62fbc025613615e724cd46dfa79bbf03b9f5ddd34e896b5606221942769","33ffea2","2026-08-12 当前开发血缘","产品代码","公开工作区","本轮提交：本地阶段检查点","已纳入本地提交；恢复时按检查点版本回退或取回"
"src/features/interview/schema/event-centered-interview.schema.ts","M","c31fb4b8839366c1b945bff4b7695bea17272529c10bc29ae258a831ceebd1a6","33ffea2","2026-08-12 当前开发血缘","产品代码","公开工作区","本轮提交：本地阶段检查点","已纳入本地提交；恢复时按检查点版本回退或取回"
"src/server/repositories/event-centered-interview.repository.ts","M","c46741ba8aed6740572c67658e364277e78c5cd58200a8b636d1594cb1621171","33ffea2","2026-08-12 当前开发血缘","产品代码","公开工作区","本轮提交：本地阶段检查点","已纳入本地提交；恢复时按检查点版本回退或取回"
"src/server/repositories/insights.repository.ts","A","4f18a6488ad846e29ada2226ff52e12590ea6aa0720526ce68c7d3f080ac8f6b","ed8c36d","当前开发血缘：后续增量","产品代码","公开工作区","本轮提交：本地阶段检查点","已纳入本地提交；恢复时按检查点版本回退或取回"
"src/server/repositories/journal-archive.repository.ts","A","f8dac8250d06b6f05f7c6e0d4e6829ed4ed931f9370c37839bafebdb83748aec","33ffea2","当前开发血缘：后续增量","产品代码","公开工作区","本轮提交：本地阶段检查点","已纳入本地提交；恢复时按检查点版本回退或取回"
"src/server/repositories/journal-daily-entry.repository.ts","M","e02b5b3a90ad5a1091be7c55fc4a9404a96d1800198179f8ed543e1093347348","33ffea2","2026-08-12 当前开发血缘","产品代码","公开工作区","本轮提交：本地阶段检查点","已纳入本地提交；恢复时按检查点版本回退或取回"
"src/server/repositories/journal-day-mode.repository.ts","M","abcdf687ec2deef8c84f99ef6a780d5986df8c72a1b9580faee0a33accdc4e1a","33ffea2","当前开发血缘：后续增量","产品代码","公开工作区","本轮提交：本地阶段检查点","已纳入本地提交；恢复时按检查点版本回退或取回"
"src/server/repositories/journal-event-entry.repository.ts","M","392715c9691b5a847ea194de200300530cbe8fe1f2d6c0a020a87bf1135ec09e","33ffea2","2026-08-12 当前开发血缘","产品代码","公开工作区","本轮提交：本地阶段检查点","已纳入本地提交；恢复时按检查点版本回退或取回"
"src/server/repositories/journal-period-report.repository.ts","M","db065e9eba4b326440ae801669e6d4863584be88fbfdbb045e6e228cf8b2ae8b","33ffea2","2026-08-12 当前开发血缘","产品代码","公开工作区","本轮提交：本地阶段检查点","已纳入本地提交；恢复时按检查点版本回退或取回"
"src/server/services/auth/current-user.service.ts","M","75b834bc11211118f3386c3ebaac742528f16f0283acfa89e28dc28ebb1ac03e","ed8c36d","当前开发血缘：后续增量","产品代码","公开工作区","本轮提交：本地阶段检查点","已纳入本地提交；恢复时按检查点版本回退或取回"
"src/server/services/evaluation/gi088/foundation-service.ts","M","e5b45e9b7946038b94ec39543f8f67ca5ea78faddddbf6329ecef3d027f20c43","a13ed6c","当前开发血缘：后续增量","产品代码","公开工作区","本轮提交：本地阶段检查点","已纳入本地提交；恢复时按检查点版本回退或取回"
"src/server/services/evaluation/gi088/service.ts","M","60dbe12b711677bb3e248de51c07ff272ee9242308e7d0690236166cb8c3de71","a13ed6c","当前开发血缘：后续增量","产品代码","公开工作区","本轮提交：本地阶段检查点","已纳入本地提交；恢复时按检查点版本回退或取回"
"src/server/services/evaluation/gi088/types.ts","M","e8ce9ad8f60c138d71d19e2e33b36f7fe091b0638038e2f64d54e744b269cf84","a13ed6c","当前开发血缘：后续增量","产品代码","公开工作区","本轮提交：本地阶段检查点","已纳入本地提交；恢复时按检查点版本回退或取回"
"src/server/services/insights/date-range.ts","A","4ce76b05b0d5141749dd30d26c5d757501c8d451e6b8a8b682d29e55af96aeb2","ed8c36d","当前开发血缘：后续增量","产品代码","公开工作区","本轮提交：本地阶段检查点","已纳入本地提交；恢复时按检查点版本回退或取回"
"src/server/services/insights/index.ts","A","f689d5514d0d8dff45c17d820455eeb00b121f0d54b94f9b553e99b98f6d21a3","ed8c36d","当前开发血缘：后续增量","产品代码","公开工作区","本轮提交：本地阶段检查点","已纳入本地提交；恢复时按检查点版本回退或取回"
"src/server/services/insights/insights.service.ts","A","0cd49d0baaff6507eb89e712a6569c98d50dbcf5f3669121950ec8aa39df8da5","ed8c36d","当前开发血缘：后续增量","产品代码","公开工作区","本轮提交：本地阶段检查点","已纳入本地提交；恢复时按检查点版本回退或取回"
"src/server/services/interview/event-centered-interview.service.ts","M","5a0377453cf2cd7659c6deec4ca07c822c5c5f380db5ae97aee5b09d9d64f3cc","33ffea2","2026-08-12 当前开发血缘","产品代码","公开工作区","本轮提交：本地阶段检查点","已纳入本地提交；恢复时按检查点版本回退或取回"
"src/server/services/journal-daily-entry/journal-daily-entry-generation.service.ts","M","d4f7a51e418ed12055271f73d3b254618f1651dfb08ee9e8ca9748a29eb481e1","33ffea2","2026-08-12 当前开发血缘","产品代码","公开工作区","本轮提交：本地阶段检查点","已纳入本地提交；恢复时按检查点版本回退或取回"
"src/server/services/journal-preview/service.ts","M","15e9e6b2807e42cb98d9fe270f1254c7ce17c899fad9629095bb39072546f2b1","33ffea2","2026-08-12 当前开发血缘","产品代码","公开工作区","本轮提交：本地阶段检查点","已纳入本地提交；恢复时按检查点版本回退或取回"
"src/types/event-centered-interview.ts","M","7005cc1f54c3dccaa587ad11c73383363f7c413485928e72926912bfcaea114e","33ffea2","2026-08-12 当前开发血缘","产品代码","公开工作区","本轮提交：本地阶段检查点","已纳入本地提交；恢复时按检查点版本回退或取回"
"src/types/insights.ts","A","f83ac1333d335948a357f6c7a394b268ae0dfdf6e20084abe2f2507683597d92","ed8c36d","当前开发血缘：后续增量","产品代码","公开工作区","本轮提交：本地阶段检查点","已纳入本地提交；恢复时按检查点版本回退或取回"
"src/types/journal-archive.ts","A","086e1ec9e37994c31c54ae071e57aef0cf8753ebfdc213647a0db4a37e9c73e8","33ffea2","当前开发血缘：后续增量","产品代码","公开工作区","本轮提交：本地阶段检查点","已纳入本地提交；恢复时按检查点版本回退或取回"
"src/types/journal-daily-entry.ts","M","75597a98410afe728be4d85e2695ec8ba8e599eef9f8d511edc3fc7bb3e0afb9","33ffea2","2026-08-12 当前开发血缘","产品代码","公开工作区","本轮提交：本地阶段检查点","已纳入本地提交；恢复时按检查点版本回退或取回"
"src/types/journal-period-report.ts","M","cf670362299cf122bf09d94939cf093a112a8455992168199f12d8a7545ee8e4","33ffea2","2026-08-12 当前开发血缘","产品代码","公开工作区","本轮提交：本地阶段检查点","已纳入本地提交；恢复时按检查点版本回退或取回"
"Tech_Design.md","M ","128799250f9597182c9454ccae679b422be9a73dee768f9d3d2e9c1227f20b88","本治理记录所在提交","文档治理","文档治理","公开工作区","本轮提交：本地阶段检查点","已纳入本地提交；恢复时按检查点版本回退或取回"
"tests/evals/event-centered-mvp-journal-closure.test.tsx","M","319f41229b1c67689598881fdd94699773c43b69c07331d0ff0fca23f9c372d5","33ffea2","2026-08-12 当前开发血缘","测试","公开工作区","本轮提交：本地阶段检查点","已纳入本地提交；恢复时按检查点版本回退或取回"
"tests/integration/daily-light-event-centered-postgres.test.ts","A","e1c6c7e8764ec85808e1b3fa33ad4169991b7673344a3d9cb49f8cb82935adce","33ffea2","当前开发血缘：后续增量","测试","公开工作区","本轮提交：本地阶段检查点","已纳入本地提交；恢复时按检查点版本回退或取回"
"tests/unit/account-settings-client.test.tsx","M","02698968f411457466fb9dfee16e673738221e952fc88b8e905c2b086064066c","ed8c36d","当前开发血缘：后续增量","测试","公开工作区","本轮提交：本地阶段检查点","已纳入本地提交；恢复时按检查点版本回退或取回"
"tests/unit/account-settings-page.test.tsx","M","8b9a52f901708113aa7b89d3201af65f23d09be0c58a107aa7d0748ccee08c7f","ed8c36d","当前开发血缘：后续增量","测试","公开工作区","本轮提交：本地阶段检查点","已纳入本地提交；恢复时按检查点版本回退或取回"
"tests/unit/action-menu.test.tsx","M","896da2d5932b3cb423c391b6b8fb7818642a8eb6501475ac1023611681b0b4ba","ed8c36d","2026-08-12 当前开发血缘","测试","公开工作区","本轮提交：本地阶段检查点","已纳入本地提交；恢复时按检查点版本回退或取回"
"tests/unit/auth-local.test.ts","M","bac44ccaa5431f056e59f9dfd3346816f69d1d59c66ba6ee1228abfbd16899a9","ed8c36d","当前开发血缘：后续增量","测试","公开工作区","本轮提交：本地阶段检查点","已纳入本地提交；恢复时按检查点版本回退或取回"
"tests/unit/auth-page-client.test.tsx","M","57a44412819349120833abec9289887fe1adabbbd5ad0820fa60e873a4e43a7a","ed8c36d","当前开发血缘：后续增量","测试","公开工作区","本轮提交：本地阶段检查点","已纳入本地提交；恢复时按检查点版本回退或取回"
"tests/unit/auth-page-guard.test.tsx","M","8ac42787e9066e8de145257500f1d7b3aba2e6dd1bd6bc7f739da4c02795c471","ed8c36d","当前开发血缘：后续增量","测试","公开工作区","本轮提交：本地阶段检查点","已纳入本地提交；恢复时按检查点版本回退或取回"
"tests/unit/calendar-main-gate.test.tsx","M","63237709ba2a87e4e82939b1d766e0960abcafb817c62bb3be97cee37ba4e0fd","ed8c36d","当前开发血缘：后续增量","测试","公开工作区","本轮提交：本地阶段检查点","已纳入本地提交；恢复时按检查点版本回退或取回"
"tests/unit/calendar-router-shell.test.tsx","M","d86eb30cacbcc4623bbe488bed27073a639f0178a26c59d64b4719776cf1f2bc","ed8c36d","2026-08-12 当前开发血缘","测试","公开工作区","本轮提交：本地阶段检查点","已纳入本地提交；恢复时按检查点版本回退或取回"
"tests/unit/confirm-dialog.test.tsx","M","e569219840eccba7960436a26a0dbcd290af1da8f006031ef5647786a261e746","ed8c36d","当前开发血缘：后续增量","测试","公开工作区","本轮提交：本地阶段检查点","已纳入本地提交；恢复时按检查点版本回退或取回"
"tests/unit/daily-light-journal-fixed-e2e.test.tsx","A","4782874bd5f6bbe3fa8b46c1ea7e7b7fcdfa20aa10d110b64898939e964cadee","ed8c36d","当前开发血缘：后续增量","测试","公开工作区","本轮提交：本地阶段检查点","已纳入本地提交；恢复时按检查点版本回退或取回"
"tests/unit/daily-light-journal-fixed-preview.test.tsx","A","b874e7e6bf3d05877792af081e7f39ef0c1a87ad3c7333bc0ac3d063c4d580e3","ed8c36d","当前开发血缘：后续增量","测试","公开工作区","本轮提交：本地阶段检查点","已纳入本地提交；恢复时按检查点版本回退或取回"
"tests/unit/daily-light-visual-review.test.tsx","M","77a7c7a2fc3052fa4e96cbccf6ed06c9376767ffd2418c89b48afa6cc5324731","ed8c36d","2026-08-12 当前开发血缘","测试","公开工作区","本轮提交：本地阶段检查点","已纳入本地提交；恢复时按检查点版本回退或取回"
"tests/unit/design-foundation-primitives.test.tsx","A","75e1ea4f12e92adfbc99f8ddc149f5437cd25b6dbcce32f551f3f548374834f7","ed8c36d","当前开发血缘：后续增量","测试","公开工作区","本轮提交：本地阶段检查点","已纳入本地提交；恢复时按检查点版本回退或取回"
"tests/unit/event-centered-dialogue-workspace-view.test.tsx","M","9baa42c3920f60a5c0c41b0c0adcff7a991821dab87fb28530fa3706b9057b99","33ffea2","2026-08-12 当前开发血缘","测试","公开工作区","本轮提交：本地阶段检查点","已纳入本地提交；恢复时按检查点版本回退或取回"
"tests/unit/event-centered-interview-workspace.test.tsx","M","3642a4811b10efd7bbd0a9c675fb6da941349ff324e4026fa313f280524e6eba","33ffea2","2026-08-12 当前开发血缘","测试","公开工作区","本轮提交：本地阶段检查点","已纳入本地提交；恢复时按检查点版本回退或取回"
"tests/unit/event-centered-interview.repository.test.ts","M","fa98af56a5e81ed11f0887dbe602b5eb571374e30895cedf692e782b0bfc93f7","33ffea2","当前开发血缘：后续增量","测试","公开工作区","本轮提交：本地阶段检查点","已纳入本地提交；恢复时按检查点版本回退或取回"
"tests/unit/event-centered-respond.service.test.ts","M","9a12867a87e8957fc5c0cd3c837a16831a8b481ebd0fa2eb73f6bccc899d1ab5","33ffea2","2026-08-12 当前开发血缘","测试","公开工作区","本轮提交：本地阶段检查点","已纳入本地提交；恢复时按检查点版本回退或取回"
"tests/unit/event-centered-session-read.api.test.ts","A","233311084f62ad858feecdfd96982d99b54ffd639848897a8808846d07b28db4","33ffea2","当前开发血缘：后续增量","测试","公开工作区","本轮提交：本地阶段检查点","已纳入本地提交；恢复时按检查点版本回退或取回"
"tests/unit/event-centered-session-sidebar.test.tsx","A","454243a20b6acf5e550d84a2c81045b6b4c25806c31d4a99eb150e112ce3aef1","33ffea2","当前开发血缘：后续增量","测试","公开工作区","本轮提交：本地阶段检查点","已纳入本地提交；恢复时按检查点版本回退或取回"
"tests/unit/event-centered-session-start.api.test.ts","M","452e4b9b8ddf3c63dd2bdd99166579a88d1c892be1c0e2cb2a393ca2878e019d","33ffea2","2026-08-12 当前开发血缘","测试","公开工作区","本轮提交：本地阶段检查点","已纳入本地提交；恢复时按检查点版本回退或取回"
"tests/unit/event-centered-session-turn.api.test.ts","A","a0cc2f8b417d4791707eec0b86eb0c77146b4c3011d517a90203b6a6eef7fd61","33ffea2","当前开发血缘：后续增量","测试","公开工作区","本轮提交：本地阶段检查点","已纳入本地提交；恢复时按检查点版本回退或取回"
"tests/unit/gi088-evaluation-asset-review.test.ts","A","f575858f476d6b52b9b07a64c8a35d967dd15cbd95652ff90bdd343ffedd13cf","a13ed6c","当前开发血缘：后续增量","测试","公开工作区","本轮提交：本地阶段检查点","已纳入本地提交；恢复时按检查点版本回退或取回"
"tests/unit/gi088-evaluation-service.test.ts","M","ae053ce3a888ce2366e0a7ef18236782402703a2f8ee7dcdec9cf80384112806","a13ed6c","当前开发血缘：后续增量","测试","公开工作区","本轮提交：本地阶段检查点","已纳入本地提交；恢复时按检查点版本回退或取回"
"tests/unit/gi088-evaluation-workbench.test.tsx","M","1d0a5de5bebf82ddee7365458a7b019301a01cf424b43b771e1f5d0459b3792e","a13ed6c","当前开发血缘：后续增量","测试","公开工作区","本轮提交：本地阶段检查点","已纳入本地提交；恢复时按检查点版本回退或取回"
"tests/unit/gi088-event-relationship-explanation-candidate.test.ts","A","fde64cee4daf7a8fb132c342cd28e1bfd71008a65f143c8346aea08281b3e9d3","a13ed6c","当前开发血缘：后续增量","测试","公开工作区","本轮提交：本地阶段检查点","已纳入本地提交；恢复时按检查点版本回退或取回"
"tests/unit/gi088-event-relationship-explanation-finalize.test.ts","A","3ecf09a0318228bfd790a4c0f643dc504f66653c2e81cf9a103b84ede7bd0da8","a13ed6c","当前开发血缘：后续增量","测试","公开工作区","本轮提交：本地阶段检查点","已纳入本地提交；恢复时按检查点版本回退或取回"
"tests/unit/gi088-event-relationship-explanation-retest.test.ts","A","76faf0264b30f3a57ecbeb1cbb95506a1ae18e02ecf2f62dac162849fbff22dd","a13ed6c","当前开发血缘：后续增量","测试","公开工作区","本轮提交：本地阶段检查点","已纳入本地提交；恢复时按检查点版本回退或取回"
"tests/unit/gi088-foundation-service.test.ts","M","8eba22ef4d8e054f1adb17c3a098671b6b8da14a446485a9988a99741c2b5d10","a13ed6c","当前开发血缘：后续增量","测试","公开工作区","本轮提交：本地阶段检查点","已纳入本地提交；恢复时按检查点版本回退或取回"
"tests/unit/gi088-historical-real-gold.test.ts","A","b7fff4c43e7fe27e4cbaf7eee684ec4dcb9860ca2be0ebc1777d587739aa15ef","a13ed6c","当前开发血缘：后续增量","测试","公开工作区","本轮提交：本地阶段检查点","已纳入本地提交；恢复时按检查点版本回退或取回"
"tests/unit/gi088-real-conversation-review.test.ts","A","85af52f59bf0dcc085dc327b7acc6a7ef87ae8fea7900ab70c707d566f1f0b35","a13ed6c","当前开发血缘：后续增量","测试","公开工作区","本轮提交：本地阶段检查点","已纳入本地提交；恢复时按检查点版本回退或取回"
"tests/unit/gi088-real-problem-regression.test.ts","A","59b5dcb1d896de241e8f937e932bab78deeea7b4d45409da69d07744528da376","a13ed6c","当前开发血缘：后续增量","测试","公开工作区","本轮提交：本地阶段检查点","已纳入本地提交；恢复时按检查点版本回退或取回"
"tests/unit/gi088-real-problem-sentinel-baseline.test.ts","A","ee7964aad4b00ce36cda4b78e711e52f0e8228b6130eb77924e7c62b6678d34a","a13ed6c","当前开发血缘：后续增量","测试","公开工作区","本轮提交：本地阶段检查点","已纳入本地提交；恢复时按检查点版本回退或取回"
"tests/unit/gi088-relationship-claim-status-candidate.test.ts","A","98d4130684d3127016bc98d46592448dfe3ca6891f478c953c2898f43fc656b2","30cfc03","当前开发血缘：后续增量","测试","公开工作区","本轮提交：本地阶段检查点","已纳入本地提交；恢复时按检查点版本回退或取回"
"tests/unit/gi088-relationship-claim-status-finalize.test.ts","A","c445904a997d25590c97086a533d3ceb2343713413a8f6ad42a501130a256a57","30cfc03","当前开发血缘：后续增量","测试","公开工作区","本轮提交：本地阶段检查点","已纳入本地提交；恢复时按检查点版本回退或取回"
"tests/unit/gi088-relationship-claim-status-probe.test.ts","A","46f353858d478b378faf4f51f402416d9101174011be6f3eac2e063b88288f1d","30cfc03","当前开发血缘：后续增量","测试","公开工作区","本轮提交：本地阶段检查点","已纳入本地提交；恢复时按检查点版本回退或取回"
"tests/unit/gi088-relationship-claim-status-runner.test.ts","A","b803f17193767bc8d180358d0a5861de7b79d713ae61fedf8ad955ff7ffdb9c6","30cfc03","当前开发血缘：后续增量","测试","公开工作区","本轮提交：本地阶段检查点","已纳入本地提交；恢复时按检查点版本回退或取回"
"tests/unit/gi088-response-first-two-stage-candidate.test.ts","A","52af6a7bf728d40589767f644e0151824858009a3802ad27a182ae59ba2ded99","30cfc03","当前开发血缘：后续增量","测试","公开工作区","本轮提交：本地阶段检查点","已纳入本地提交；恢复时按检查点版本回退或取回"
"tests/unit/gi088-response-first-visible-quality.test.ts","A","8da3d490775b6cf8c192660e4b637365cb2d01b01bc0bf39c8d6874e8f69052a","30cfc03","当前开发血缘：后续增量","测试","公开工作区","本轮提交：本地阶段检查点","已纳入本地提交；恢复时按检查点版本回退或取回"
"tests/unit/gi088-response-latency-contract-ab-finalize.test.ts","A","0bafd5f797de786bf5de553823437dc55a15329dcef5d9663d2667375b231e9b","30cfc03","当前开发血缘：后续增量","测试","公开工作区","本轮提交：本地阶段检查点","已纳入本地提交；恢复时按检查点版本回退或取回"
"tests/unit/gi088-response-latency-contract-ab-plan.test.ts","A","3d4f2250a4ca7b41fcfd1071f98cde5a4770a16581a19b088b56a91ca33fed0f","30cfc03","当前开发血缘：后续增量","测试","公开工作区","本轮提交：本地阶段检查点","已纳入本地提交；恢复时按检查点版本回退或取回"
"tests/unit/gi088-response-latency-contract-ab-runner.test.ts","A","8578f3a67920525ad154ebba8bb54438d5b999a07c743576c1ab2e0fff9ce51d","30cfc03","当前开发血缘：后续增量","测试","公开工作区","本轮提交：本地阶段检查点","已纳入本地提交；恢复时按检查点版本回退或取回"
"tests/unit/gi088-stage-c3-gold-review.test.ts","A","6b3c986b3c697ff47dca85f326635ff5ba7db138a8645ee68d5788dcbdb8ae2a","a13ed6c","当前开发血缘：后续增量","测试","公开工作区","本轮提交：本地阶段检查点","已纳入本地提交；恢复时按检查点版本回退或取回"
"tests/unit/gi088-visible-contract-burden-ab.test.ts","A","1ef4f18547564f9c57fb4e00832ac3f1866fbf9e03f7aef85ae1d7136c3dd774","30cfc03","当前开发血缘：后续增量","测试","公开工作区","本轮提交：本地阶段检查点","已纳入本地提交；恢复时按检查点版本回退或取回"
"tests/unit/home-page-view.test.tsx","A","e253725558efa8ad2a86d1a4e23ae661f3107cc0d930cca2534edcde14e421da","ed8c36d","当前开发血缘：后续增量","测试","公开工作区","本轮提交：本地阶段检查点","已纳入本地提交；恢复时按检查点版本回退或取回"
"tests/unit/insights-date-range.test.ts","A","b350400cf8644e111a39877ef74ce48f7f9b082ebacf7a31465562fcf2562a4d","ed8c36d","当前开发血缘：后续增量","测试","公开工作区","本轮提交：本地阶段检查点","已纳入本地提交；恢复时按检查点版本回退或取回"
"tests/unit/insights-workspace-view.test.tsx","A","cb3d06fc8491f63b513db3115cb90dc07409fbc201be49bd7c41988265f40d86","ed8c36d","当前开发血缘：后续增量","测试","公开工作区","本轮提交：本地阶段检查点","已纳入本地提交；恢复时按检查点版本回退或取回"
"tests/unit/insights.api.test.ts","A","bad39ee368028fa048ce308ad91cdeda478fc1d7d394e77bb43f95a8c7386c79","ed8c36d","当前开发血缘：后续增量","测试","公开工作区","本轮提交：本地阶段检查点","已纳入本地提交；恢复时按检查点版本回退或取回"
"tests/unit/insights.repository.test.ts","A","b4b4a94c5d5f23aa93a0bdb82b6071cbe27ea08605f08dc2b809d0bbdcb94a58","ed8c36d","当前开发血缘：后续增量","测试","公开工作区","本轮提交：本地阶段检查点","已纳入本地提交；恢复时按检查点版本回退或取回"
"tests/unit/insights.service.test.ts","A","4dcbab1132fad4fb0018be77f6ddb78ca96671a4bc522c244899c979b238ad89","ed8c36d","当前开发血缘：后续增量","测试","公开工作区","本轮提交：本地阶段检查点","已纳入本地提交；恢复时按检查点版本回退或取回"
"tests/unit/interview-event-centered-page.test.tsx","M","76463c310d97ede21596eb573eeb1f4f3e02049293d4d81559a6ed350d322032","33ffea2","当前开发血缘：后续增量","测试","公开工作区","本轮提交：本地阶段检查点","已纳入本地提交；恢复时按检查点版本回退或取回"
"tests/unit/journal-archive.api.test.ts","A","25a58cc3747edbeb64b00c41561d10cda74fea54a9aeceb9b0c50c68010d1b94","33ffea2","当前开发血缘：后续增量","测试","公开工作区","本轮提交：本地阶段检查点","已纳入本地提交；恢复时按检查点版本回退或取回"
"tests/unit/journal-daily-entry-generation.service.test.ts","M","1164ab7c5b5fb233bc5490b5042719f3df2c00c3335eb1c96e350ad3cc170054","33ffea2","2026-08-12 当前开发血缘","测试","公开工作区","本轮提交：本地阶段检查点","已纳入本地提交；恢复时按检查点版本回退或取回"
"tests/unit/journal-daily-entry.repository.test.ts","M","dc4a9f433ee945e2681bd2a1b70cb68b247fd2382002fa1ae1dd455b10821b0a","33ffea2","2026-08-12 当前开发血缘","测试","公开工作区","本轮提交：本地阶段检查点","已纳入本地提交；恢复时按检查点版本回退或取回"
"tests/unit/journal-day-mode.repository.test.ts","M","5250c1274487791cbdb6bec3b5cf86e8019e2a04217ad9427479fa65839d9d59","33ffea2","当前开发血缘：后续增量","测试","公开工作区","本轮提交：本地阶段检查点","已纳入本地提交；恢复时按检查点版本回退或取回"
"tests/unit/journal-day-workspace.test.tsx","M","64542adbaf0f9eea6ae428e2db1129409296c4aacc36c05863c820d8e0b630d1","33ffea2","2026-08-12 当前开发血缘","测试","公开工作区","本轮提交：本地阶段检查点","已纳入本地提交；恢复时按检查点版本回退或取回"
"tests/unit/journal-event-entry.repository.test.ts","M","90907db5ff0e1490114f784b1427f4af108ec47783b37adf9d7adcbd9e2106d3","33ffea2","2026-08-12 当前开发血缘","测试","公开工作区","本轮提交：本地阶段检查点","已纳入本地提交；恢复时按检查点版本回退或取回"
"tests/unit/journal-period-client.test.ts","A","5a4a2a6b50fa102b2a174466cf774036f9e67996de95070473af7bb66ef8c23a","33ffea2","当前开发血缘：后续增量","测试","公开工作区","本轮提交：本地阶段检查点","已纳入本地提交；恢复时按检查点版本回退或取回"
"tests/unit/journal-period-material-precedence.test.ts","A","f41e5e37b3ced31b8916f80a66f04804b77059cf5dfb29cb416efa62698963b1","33ffea2","当前开发血缘：后续增量","测试","公开工作区","本轮提交：本地阶段检查点","已纳入本地提交；恢复时按检查点版本回退或取回"
"tests/unit/journal-period-report-workspace.test.tsx","M","1fd7824c8496cbd40801243d08e0dd75ee7f161fad63ee983004d959973f9027","33ffea2","2026-08-12 当前开发血缘","测试","公开工作区","本轮提交：本地阶段检查点","已纳入本地提交；恢复时按检查点版本回退或取回"
"tests/unit/journal-preview-api.test.ts","M","9d1f3de7e77fc75fa6820be064c8ba0e0aef057eca28afedd933e06c98ec393e","33ffea2","2026-08-12 当前开发血缘","测试","公开工作区","本轮提交：本地阶段检查点","已纳入本地提交；恢复时按检查点版本回退或取回"
"tests/unit/journal-preview-service.test.ts","M","ed01af6cb34a9a7829dfb24ffd3105ab15a12814007899402eb5256e71f8cc11","33ffea2","2026-08-12 当前开发血缘","测试","公开工作区","本轮提交：本地阶段检查点","已纳入本地提交；恢复时按检查点版本回退或取回"
"tests/unit/journal-workspace-frame.test.tsx","A","8d1961929d61c97271e470c88855afaada72a2a66d4194bf4a74dd5b88b76cbb","33ffea2","当前开发血缘：后续增量","测试","公开工作区","本轮提交：本地阶段检查点","已纳入本地提交；恢复时按检查点版本回退或取回"
"tests/unit/legacy-insights-redirect.test.ts","A","88449850659c339bf0c9fb6ecd4908888fe4fadf6ce1e1fbdb2fdeeadc1844ac","ed8c36d","当前开发血缘：后续增量","测试","公开工作区","本轮提交：本地阶段检查点","已纳入本地提交；恢复时按检查点版本回退或取回"
"tests/unit/legal-pages.test.tsx","M","b42ae20db8fef14cab4ef7135062ea140988a2dd141da1d44bcd97faa44fdef9","ed8c36d","当前开发血缘：后续增量","测试","公开工作区","本轮提交：本地阶段检查点","已纳入本地提交；恢复时按检查点版本回退或取回"
"tests/unit/settings-account-panel.test.tsx","M","594971bbced30e4fc29851da1e6db651757821c8ef9d638d03d19c80782a6762","ed8c36d","当前开发血缘：后续增量","测试","公开工作区","本轮提交：本地阶段检查点","已纳入本地提交；恢复时按检查点版本回退或取回"
"tests/unit/settings-page.test.tsx","M","ef4e50be77acefdb67675a89cddab3f61f664aebb80f926e302fc9084ebeb187","ed8c36d","当前开发血缘：后续增量","测试","公开工作区","本轮提交：本地阶段检查点","已纳入本地提交；恢复时按检查点版本回退或取回"
"tests/unit/site-header-calendar.test.tsx","M","e0368d2ca9ee419d93b30cbcfca3bfe71b9722b31c76047d6ec10d0b1b4b1644","ed8c36d","2026-08-12 当前开发血缘","测试","公开工作区","本轮提交：本地阶段检查点","已纳入本地提交；恢复时按检查点版本回退或取回"
"tests/unit/vercel-env-audit-script.test.ts","M","0844686add839af8af973736f08f86bfd56cffba4623535926f15dc28407674f","07326c7","当前开发血缘：后续增量","测试","公开工作区","本轮提交：本地阶段检查点","已纳入本地提交；恢复时按检查点版本回退或取回"
"tests/unit/vercel-prisma-build-contract.test.ts","M","6c6f9c69034bba91f60e06e00bb9ff4bc0d4f14c42be79aca3a7035407b7019d","07326c7","当前开发血缘：后续增量","测试","公开工作区","本轮提交：本地阶段检查点","已纳入本地提交；恢复时按检查点版本回退或取回"
"tsconfig.json","M","92f7957495a0c3cbcee039a1e4bf9d4c87a519a7ed50a730a16e72c138ffd326","07326c7","当前开发血缘：后续增量","工程配置","公开工作区","本轮提交：本地阶段检查点","已纳入本地提交；恢复时按检查点版本回退或取回"
"vercel.json","M","90ee4fb23a3c072b97fe394d78cf802e62b703b1e7ec68130f61a167da737bbf","07326c7","当前开发血缘：后续增量","工程配置","公开工作区","本轮提交：本地阶段检查点","已纳入本地提交；恢复时按检查点版本回退或取回"
