"path","total_files","tracked_files","markdown_files","private_files_aggregate","index_path","role","status","active_entry","replacement","privacy","suggested_disposition","reason"
"artifacts/ai-evaluation-governance","1","1","1","0","","证据包","历史证据","artifacts/README.md","","公开证据","保留","保留唯一证据或包级索引；当前不移动"
"artifacts/daily-light-visual-review","84","84","6","0","artifacts/daily-light-visual-review/README.md","网页端证据索引","现役","docs/vercel-preview-production-lane.md","","公开证据","保留","区分当前验收与发布证据、历史视觉候选和 No-Go"
"artifacts/daily-light-visual-review/2026-08-12","19","19","1","0","artifacts/daily-light-visual-review/2026-08-12/README.md","历史视觉证据包","历史证据","artifacts/README.md","artifacts/daily-light-visual-review/2026-08-13-production-release/README.md","公开证据","转历史（原位）","由第二轮验收与 Production 发布证据覆盖当前状态职责"
"artifacts/daily-light-visual-review/2026-08-12-production-replacement","15","15","0","0","","历史视觉证据包","历史证据","artifacts/README.md","artifacts/daily-light-visual-review/2026-08-13-production-release/README.md","公开证据","转历史（原位）","由第二轮验收与 Production 发布证据覆盖当前状态职责"
"artifacts/daily-light-visual-review/2026-08-13-full-system-redesign","18","18","1","0","artifacts/daily-light-visual-review/2026-08-13-full-system-redesign/README.md","历史视觉证据包","历史证据","artifacts/README.md","artifacts/daily-light-visual-review/2026-08-13-production-release/README.md","公开证据","转历史（原位）","由第二轮验收与 Production 发布证据覆盖当前状态职责"
"artifacts/daily-light-visual-review/2026-08-13-production-release","1","1","1","0","artifacts/daily-light-visual-review/2026-08-13-production-release/README.md","Production 发布证据包","已完成","docs/vercel-preview-production-lane.md","","公开证据","保留","当前 Production 版本身份、迁移和回退证据"
"artifacts/daily-light-visual-review/2026-08-13-production-typography-color","15","15","1","0","artifacts/daily-light-visual-review/2026-08-13-production-typography-color/README.md","历史视觉证据包","历史证据","artifacts/README.md","artifacts/daily-light-visual-review/2026-08-13-production-release/README.md","公开证据","转历史（原位）","由第二轮验收与 Production 发布证据覆盖当前状态职责"
"artifacts/daily-light-visual-review/2026-08-13-second-round-closeout","15","15","1","0","artifacts/daily-light-visual-review/2026-08-13-second-round-closeout/README.md","产品验收证据包","已完成","artifacts/daily-light-visual-review/2026-08-13-production-release/README.md","","公开证据","保留","当前 Production 上游视觉与交互验收基线"
"artifacts/generative-interview-board6","538","75","29","463","artifacts/generative-interview-board6/README.md","当前评测证据索引","现役","docs/generative-interview-refactor-map.md","","公开脱敏＋私有聚合","保留","Board 6 当前入口已统一指向 GI-088 阶段 C3"
"artifacts/generative-interview-board6/2026-08-06","4","4","4","0","artifacts/generative-interview-board6/2026-08-06/README.md","证据包","历史证据","artifacts/README.md","","公开证据","保留","保留唯一证据或包级索引；当前不移动"
"artifacts/generative-interview-board6/2026-08-13-gi088-dual-track-v1","533","70","24","463","artifacts/generative-interview-board6/2026-08-13-gi088-dual-track-v1/README.md","当前证据包","现役","docs/generative-interview-refactor-map.md","","公开脱敏＋私有聚合","保留","GI-088 阶段 C3 当前证据入口"
"artifacts/generative-interview-board7","856","856","502","0","artifacts/generative-interview-board7/README.md","历史证据包","历史证据","artifacts/generative-interview-board7/README.md","docs/generative-interview-refactor-map.md","公开脱敏证据","保留","保留候选血缘、原始结果、真人裁决和版本身份"
"artifacts/generative-interview-board7/2026-07-28","274","274","150","0","","历史证据包","历史证据","artifacts/generative-interview-board7/README.md","docs/generative-interview-refactor-map.md","公开脱敏证据","保留","保留候选血缘、原始结果、真人裁决和版本身份"
"artifacts/generative-interview-board7/2026-07-29","210","210","139","0","","历史证据包","历史证据","artifacts/generative-interview-board7/README.md","docs/generative-interview-refactor-map.md","公开脱敏证据","保留","保留候选血缘、原始结果、真人裁决和版本身份"
"artifacts/generative-interview-board7/2026-07-30","100","100","58","0","","历史证据包","历史证据","artifacts/generative-interview-board7/README.md","docs/generative-interview-refactor-map.md","公开脱敏证据","保留","保留候选血缘、原始结果、真人裁决和版本身份"
"artifacts/generative-interview-board7/2026-08-01","38","38","20","0","","历史证据包","历史证据","artifacts/generative-interview-board7/README.md","docs/generative-interview-refactor-map.md","公开脱敏证据","保留","保留候选血缘、原始结果、真人裁决和版本身份"
"artifacts/generative-interview-board7/2026-08-02","30","30","10","0","","历史证据包","历史证据","artifacts/generative-interview-board7/README.md","docs/generative-interview-refactor-map.md","公开脱敏证据","保留","保留候选血缘、原始结果、真人裁决和版本身份"
"artifacts/generative-interview-board7/2026-08-06-board7a-chat-e2e-ab-v1","2","2","2","0","","历史证据包","历史证据","artifacts/generative-interview-board7/README.md","docs/generative-interview-refactor-map.md","公开脱敏证据","保留","保留候选血缘、原始结果、真人裁决和版本身份"
"artifacts/generative-interview-board7/2026-08-06-board7a-chat-e2e-single-v0","9","9","6","0","artifacts/generative-interview-board7/2026-08-06-board7a-chat-e2e-single-v0/README.md","历史证据包","历史证据","artifacts/generative-interview-board7/README.md","docs/generative-interview-refactor-map.md","公开脱敏证据","保留","保留候选血缘、原始结果、真人裁决和版本身份"
"artifacts/generative-interview-board7/2026-08-06-board7a-real-output-ab-v1","17","17","9","0","artifacts/generative-interview-board7/2026-08-06-board7a-real-output-ab-v1/README.md","历史证据包","历史证据","artifacts/generative-interview-board7/README.md","docs/generative-interview-refactor-map.md","公开脱敏证据","保留","保留候选血缘、原始结果、真人裁决和版本身份"
"artifacts/generative-interview-board7/2026-08-07-board7a-chat-e2e-single-v1","7","7","6","0","artifacts/generative-interview-board7/2026-08-07-board7a-chat-e2e-single-v1/README.md","历史证据包","历史证据","artifacts/generative-interview-board7/README.md","docs/generative-interview-refactor-map.md","公开脱敏证据","保留","保留候选血缘、原始结果、真人裁决和版本身份"
"artifacts/generative-interview-board7/2026-08-07-board7b-prompt-skill-v0","10","10","6","0","artifacts/generative-interview-board7/2026-08-07-board7b-prompt-skill-v0/README.md","历史证据包","历史证据","artifacts/generative-interview-board7/README.md","docs/generative-interview-refactor-map.md","公开脱敏证据","保留","保留候选血缘、原始结果、真人裁决和版本身份"
"artifacts/generative-interview-board7/2026-08-07-board7b-prompt-skill-v0.1","10","10","6","0","artifacts/generative-interview-board7/2026-08-07-board7b-prompt-skill-v0.1/README.md","历史证据包","历史证据","artifacts/generative-interview-board7/README.md","docs/generative-interview-refactor-map.md","公开脱敏证据","保留","保留候选血缘、原始结果、真人裁决和版本身份"
"artifacts/generative-interview-board7/2026-08-07-board7b-prompt-skill-v0.2","9","9","5","0","artifacts/generative-interview-board7/2026-08-07-board7b-prompt-skill-v0.2/README.md","历史证据包","历史证据","artifacts/generative-interview-board7/README.md","docs/generative-interview-refactor-map.md","公开脱敏证据","保留","保留候选血缘、原始结果、真人裁决和版本身份"
"artifacts/generative-interview-board7/2026-08-07-board7b-prompt-skill-v0.3","7","7","3","0","artifacts/generative-interview-board7/2026-08-07-board7b-prompt-skill-v0.3/README.md","历史证据包","历史证据","artifacts/generative-interview-board7/README.md","docs/generative-interview-refactor-map.md","公开脱敏证据","保留","保留候选血缘、原始结果、真人裁决和版本身份"
"artifacts/generative-interview-board7/2026-08-07-board7b-prompt-skill-v0.4","5","5","2","0","artifacts/generative-interview-board7/2026-08-07-board7b-prompt-skill-v0.4/README.md","历史证据包","历史证据","artifacts/generative-interview-board7/README.md","docs/generative-interview-refactor-map.md","公开脱敏证据","保留","保留候选血缘、原始结果、真人裁决和版本身份"
"artifacts/generative-interview-board7/2026-08-07-board7b-semantic-frame-v1","15","15","9","0","artifacts/generative-interview-board7/2026-08-07-board7b-semantic-frame-v1/README.md","历史证据包","历史证据","artifacts/generative-interview-board7/README.md","docs/generative-interview-refactor-map.md","公开脱敏证据","保留","保留候选血缘、原始结果、真人裁决和版本身份"
"artifacts/generative-interview-board7/2026-08-07-board7b-thinking-capability-v1","11","11","5","0","artifacts/generative-interview-board7/2026-08-07-board7b-thinking-capability-v1/README.md","历史证据包","历史证据","artifacts/generative-interview-board7/README.md","docs/generative-interview-refactor-map.md","公开脱敏证据","保留","保留候选血缘、原始结果、真人裁决和版本身份"
"artifacts/generative-interview-board7/2026-08-07-board7b-working-task-v1","19","19","10","0","artifacts/generative-interview-board7/2026-08-07-board7b-working-task-v1/README.md","历史证据包","历史证据","artifacts/generative-interview-board7/README.md","docs/generative-interview-refactor-map.md","公开脱敏证据","保留","保留候选血缘、原始结果、真人裁决和版本身份"
"artifacts/generative-interview-board7/2026-08-08-gi088-human-eval-v0","7","7","6","0","artifacts/generative-interview-board7/2026-08-08-gi088-human-eval-v0/README.md","历史证据包","历史证据","artifacts/generative-interview-board7/README.md","docs/generative-interview-refactor-map.md","公开脱敏证据","保留","保留候选血缘、原始结果、真人裁决和版本身份"
"artifacts/generative-interview-board7/2026-08-09-board7b-working-task-v2-stage-transition","6","6","5","0","artifacts/generative-interview-board7/2026-08-09-board7b-working-task-v2-stage-transition/README.md","历史证据包","历史证据","artifacts/generative-interview-board7/README.md","docs/generative-interview-refactor-map.md","公开脱敏证据","保留","保留候选血缘、原始结果、真人裁决和版本身份"
"artifacts/generative-interview-board7/2026-08-09-gi088-human-eval-v1","14","14","8","0","artifacts/generative-interview-board7/2026-08-09-gi088-human-eval-v1/README.md","历史证据包","历史证据","artifacts/generative-interview-board7/README.md","docs/generative-interview-refactor-map.md","公开脱敏证据","保留","保留候选血缘、原始结果、真人裁决和版本身份"
"artifacts/generative-interview-board7/2026-08-09-gi088-human-eval-v2-diagnostic","3","3","2","0","artifacts/generative-interview-board7/2026-08-09-gi088-human-eval-v2-diagnostic/README.md","历史证据包","历史证据","artifacts/generative-interview-board7/README.md","docs/generative-interview-refactor-map.md","公开脱敏证据","保留","保留候选血缘、原始结果、真人裁决和版本身份"
"artifacts/generative-interview-board7/2026-08-09-gi088-human-eval-v3-empty-recovery","4","4","3","0","artifacts/generative-interview-board7/2026-08-09-gi088-human-eval-v3-empty-recovery/README.md","历史证据包","历史证据","artifacts/generative-interview-board7/README.md","docs/generative-interview-refactor-map.md","公开脱敏证据","保留","保留候选血缘、原始结果、真人裁决和版本身份"
"artifacts/generative-interview-board7/2026-08-09-gi088-human-eval-v4-stage-transition","3","3","2","0","artifacts/generative-interview-board7/2026-08-09-gi088-human-eval-v4-stage-transition/README.md","历史证据包","历史证据","artifacts/generative-interview-board7/README.md","docs/generative-interview-refactor-map.md","公开脱敏证据","保留","保留候选血缘、原始结果、真人裁决和版本身份"
"artifacts/generative-interview-board7/2026-08-09-gi088-human-eval-v5-high-reliability","3","3","2","0","artifacts/generative-interview-board7/2026-08-09-gi088-human-eval-v5-high-reliability/README.md","历史证据包","历史证据","artifacts/generative-interview-board7/README.md","docs/generative-interview-refactor-map.md","公开脱敏证据","保留","保留候选血缘、原始结果、真人裁决和版本身份"
"artifacts/generative-interview-board7/2026-08-09-gi088-human-eval-v6-single-focus","4","4","3","0","artifacts/generative-interview-board7/2026-08-09-gi088-human-eval-v6-single-focus/README.md","历史证据包","历史证据","artifacts/generative-interview-board7/README.md","docs/generative-interview-refactor-map.md","公开脱敏证据","保留","保留候选血缘、原始结果、真人裁决和版本身份"
"artifacts/generative-interview-board7/2026-08-09-gi088-human-eval-v7-continuity-baseline","4","4","2","0","artifacts/generative-interview-board7/2026-08-09-gi088-human-eval-v7-continuity-baseline/README.md","历史证据包","历史证据","artifacts/generative-interview-board7/README.md","docs/generative-interview-refactor-map.md","公开脱敏证据","保留","保留候选血缘、原始结果、真人裁决和版本身份"
"artifacts/generative-interview-board7/2026-08-10-gi088-human-eval-v7r1-visible-continuation","8","8","4","0","artifacts/generative-interview-board7/2026-08-10-gi088-human-eval-v7r1-visible-continuation/README.md","历史证据包","历史证据","artifacts/generative-interview-board7/README.md","docs/generative-interview-refactor-map.md","公开脱敏证据","保留","保留候选血缘、原始结果、真人裁决和版本身份"
"artifacts/generative-interview-board7/2026-08-10-gi088-human-eval-v7r2-ark-flash","3","3","2","0","artifacts/generative-interview-board7/2026-08-10-gi088-human-eval-v7r2-ark-flash/README.md","历史证据包","历史证据","artifacts/generative-interview-board7/README.md","docs/generative-interview-refactor-map.md","公开脱敏证据","保留","保留候选血缘、原始结果、真人裁决和版本身份"
"artifacts/generative-interview-board7/2026-08-10-gi088-human-eval-v7r3-deterministic-state","3","3","2","0","artifacts/generative-interview-board7/2026-08-10-gi088-human-eval-v7r3-deterministic-state/README.md","历史证据包","历史证据","artifacts/generative-interview-board7/README.md","docs/generative-interview-refactor-map.md","公开脱敏证据","保留","保留候选血缘、原始结果、真人裁决和版本身份"
"artifacts/generative-interview-board7/2026-08-10-gi088-human-eval-v7r4-pro","4","4","3","0","artifacts/generative-interview-board7/2026-08-10-gi088-human-eval-v7r4-pro/README.md","历史证据包","历史证据","artifacts/generative-interview-board7/README.md","docs/generative-interview-refactor-map.md","公开脱敏证据","保留","保留候选血缘、原始结果、真人裁决和版本身份"
"artifacts/generative-interview-board7/2026-08-10-gi088-human-eval-v8-question-decision-pro","4","4","3","0","artifacts/generative-interview-board7/2026-08-10-gi088-human-eval-v8-question-decision-pro/README.md","历史证据包","历史证据","artifacts/generative-interview-board7/README.md","docs/generative-interview-refactor-map.md","公开脱敏证据","保留","保留候选血缘、原始结果、真人裁决和版本身份"
"artifacts/generative-interview-board7/2026-08-10-gi088-human-eval-v8r1-final12","3","3","2","0","artifacts/generative-interview-board7/2026-08-10-gi088-human-eval-v8r1-final12/README.md","历史证据包","历史证据","artifacts/generative-interview-board7/README.md","docs/generative-interview-refactor-map.md","公开脱敏证据","保留","保留候选血缘、原始结果、真人裁决和版本身份"
"artifacts/generative-interview-board7/2026-08-10-gi088-human-eval-v8r2-foundation-hardening","9","9","6","0","artifacts/generative-interview-board7/2026-08-10-gi088-human-eval-v8r2-foundation-hardening/README.md","历史证据包","历史证据","artifacts/generative-interview-board7/README.md","docs/generative-interview-refactor-map.md","公开脱敏证据","保留","保留候选血缘、原始结果、真人裁决和版本身份"
"artifacts/generative-interview-board8","203","203","110","0","artifacts/generative-interview-board8/README.md","历史证据包","历史证据","artifacts/generative-interview-board8/README.md","docs/generative-interview-refactor-map.md","公开脱敏证据","保留","保留历史 Preview、修复与 No-Go 裁决"
"artifacts/generative-interview-board8/2026-08-02-gi056-candidate","1","1","1","0","","历史证据包","历史证据","artifacts/generative-interview-board8/README.md","docs/generative-interview-refactor-map.md","公开脱敏证据","保留","保留历史 Preview、修复与 No-Go 裁决"
"artifacts/generative-interview-board8/2026-08-02-local-preview","2","2","1","0","","历史证据包","历史证据","artifacts/generative-interview-board8/README.md","docs/generative-interview-refactor-map.md","公开脱敏证据","保留","保留历史 Preview、修复与 No-Go 裁决"
"artifacts/generative-interview-board8/2026-08-02-preview","3","3","2","0","","历史证据包","历史证据","artifacts/generative-interview-board8/README.md","docs/generative-interview-refactor-map.md","公开脱敏证据","保留","保留历史 Preview、修复与 No-Go 裁决"
"artifacts/generative-interview-board8/2026-08-02-repaired-candidate","3","3","2","0","","历史证据包","历史证据","artifacts/generative-interview-board8/README.md","docs/generative-interview-refactor-map.md","公开脱敏证据","保留","保留历史 Preview、修复与 No-Go 裁决"
"artifacts/generative-interview-board8/2026-08-02-repaired-candidate-v2","3","3","2","0","","历史证据包","历史证据","artifacts/generative-interview-board8/README.md","docs/generative-interview-refactor-map.md","公开脱敏证据","保留","保留历史 Preview、修复与 No-Go 裁决"
"artifacts/generative-interview-board8/2026-08-03-gi056-candidate","3","3","2","0","","历史证据包","历史证据","artifacts/generative-interview-board8/README.md","docs/generative-interview-refactor-map.md","公开脱敏证据","保留","保留历史 Preview、修复与 No-Go 裁决"
"artifacts/generative-interview-board8/2026-08-03-gi057-candidate","5","5","4","0","","历史证据包","历史证据","artifacts/generative-interview-board8/README.md","docs/generative-interview-refactor-map.md","公开脱敏证据","保留","保留历史 Preview、修复与 No-Go 裁决"
"artifacts/generative-interview-board8/2026-08-03-gi058-candidate","5","5","4","0","","历史证据包","历史证据","artifacts/generative-interview-board8/README.md","docs/generative-interview-refactor-map.md","公开脱敏证据","保留","保留历史 Preview、修复与 No-Go 裁决"
"artifacts/generative-interview-board8/2026-08-03-gi058-deepseek-official-preview","3","3","1","0","","历史证据包","历史证据","artifacts/generative-interview-board8/README.md","docs/generative-interview-refactor-map.md","公开脱敏证据","保留","保留历史 Preview、修复与 No-Go 裁决"
"artifacts/generative-interview-board8/2026-08-03-gi058-deepseek-official-preview-v3-feeling2-direct-probe","2","2","1","0","","历史证据包","历史证据","artifacts/generative-interview-board8/README.md","docs/generative-interview-refactor-map.md","公开脱敏证据","保留","保留历史 Preview、修复与 No-Go 裁决"
"artifacts/generative-interview-board8/2026-08-03-gi058-deepseek-official-preview-v4-feeling2-closed-probe","2","2","1","0","","历史证据包","历史证据","artifacts/generative-interview-board8/README.md","docs/generative-interview-refactor-map.md","公开脱敏证据","保留","保留历史 Preview、修复与 No-Go 裁决"
"artifacts/generative-interview-board8/2026-08-03-gi058-deepseek-official-preview-v5-feeling2-closed-retry","2","2","1","0","","历史证据包","历史证据","artifacts/generative-interview-board8/README.md","docs/generative-interview-refactor-map.md","公开脱敏证据","保留","保留历史 Preview、修复与 No-Go 裁决"
"artifacts/generative-interview-board8/2026-08-03-gi058-deepseek-official-preview-v6-feeling2-official-key","2","2","1","0","","历史证据包","历史证据","artifacts/generative-interview-board8/README.md","docs/generative-interview-refactor-map.md","公开脱敏证据","保留","保留历史 Preview、修复与 No-Go 裁决"
"artifacts/generative-interview-board8/2026-08-03-gi058-deepseek-official-preview-v7-feeling2-pooled","2","2","1","0","","历史证据包","历史证据","artifacts/generative-interview-board8/README.md","docs/generative-interview-refactor-map.md","公开脱敏证据","保留","保留历史 Preview、修复与 No-Go 裁决"
"artifacts/generative-interview-board8/2026-08-03-gi058-deepseek-official-preview-v9-feeling2-unified-boundary","2","2","1","0","","历史证据包","历史证据","artifacts/generative-interview-board8/README.md","docs/generative-interview-refactor-map.md","公开脱敏证据","保留","保留历史 Preview、修复与 No-Go 裁决"
"artifacts/generative-interview-board8/2026-08-03-gi058-local-preview-v10-feeling2-unified-boundary","2","2","1","0","","历史证据包","历史证据","artifacts/generative-interview-board8/README.md","docs/generative-interview-refactor-map.md","公开脱敏证据","保留","保留历史 Preview、修复与 No-Go 裁决"
"artifacts/generative-interview-board8/2026-08-03-gi058-local-preview-v11-full-8-plus-2","2","2","1","0","","历史证据包","历史证据","artifacts/generative-interview-board8/README.md","docs/generative-interview-refactor-map.md","公开脱敏证据","保留","保留历史 Preview、修复与 No-Go 裁决"
"artifacts/generative-interview-board8/2026-08-03-gi058-local-preview-v12-action1-focus-reaction-repair","2","2","1","0","","历史证据包","历史证据","artifacts/generative-interview-board8/README.md","docs/generative-interview-refactor-map.md","公开脱敏证据","保留","保留历史 Preview、修复与 No-Go 裁决"
"artifacts/generative-interview-board8/2026-08-03-gi058-local-preview-v12-action2-entry-repair","2","2","1","0","","历史证据包","历史证据","artifacts/generative-interview-board8/README.md","docs/generative-interview-refactor-map.md","公开脱敏证据","保留","保留历史 Preview、修复与 No-Go 裁决"
"artifacts/generative-interview-board8/2026-08-03-gi058-local-preview-v12-thought2-entry-repair","2","2","1","0","","历史证据包","历史证据","artifacts/generative-interview-board8/README.md","docs/generative-interview-refactor-map.md","公开脱敏证据","保留","保留历史 Preview、修复与 No-Go 裁决"
"artifacts/generative-interview-board8/2026-08-03-gi058-local-preview-v13-action2-deep-runner","2","2","1","0","","历史证据包","历史证据","artifacts/generative-interview-board8/README.md","docs/generative-interview-refactor-map.md","公开脱敏证据","保留","保留历史 Preview、修复与 No-Go 裁决"
"artifacts/generative-interview-board8/2026-08-03-gi058-local-preview-v13-relationship2-closed-runner","2","2","1","0","","历史证据包","历史证据","artifacts/generative-interview-board8/README.md","docs/generative-interview-refactor-map.md","公开脱敏证据","保留","保留历史 Preview、修复与 No-Go 裁决"
"artifacts/generative-interview-board8/2026-08-03-gi058-local-preview-v13-thought2-deep-runner","2","2","1","0","","历史证据包","历史证据","artifacts/generative-interview-board8/README.md","docs/generative-interview-refactor-map.md","公开脱敏证据","保留","保留历史 Preview、修复与 No-Go 裁决"
"artifacts/generative-interview-board8/2026-08-03-gi058-local-preview-v14-relationship2-deep-angle-repair","2","2","1","0","","历史证据包","历史证据","artifacts/generative-interview-board8/README.md","docs/generative-interview-refactor-map.md","公开脱敏证据","保留","保留历史 Preview、修复与 No-Go 裁决"
"artifacts/generative-interview-board8/2026-08-03-gi058-local-preview-v15-relationship2-fallback-context-repair","2","2","1","0","","历史证据包","历史证据","artifacts/generative-interview-board8/README.md","docs/generative-interview-refactor-map.md","公开脱敏证据","保留","保留历史 Preview、修复与 No-Go 裁决"
"artifacts/generative-interview-board8/2026-08-03-gi058-local-preview-v16-strategy-5-54-full-8-plus-2","2","2","1","0","","历史证据包","历史证据","artifacts/generative-interview-board8/README.md","docs/generative-interview-refactor-map.md","公开脱敏证据","保留","保留历史 Preview、修复与 No-Go 裁决"
"artifacts/generative-interview-board8/2026-08-03-gi058-local-preview-v17-action2-deep-fixture-repair","2","2","1","0","","历史证据包","历史证据","artifacts/generative-interview-board8/README.md","docs/generative-interview-refactor-map.md","公开脱敏证据","保留","保留历史 Preview、修复与 No-Go 裁决"
"artifacts/generative-interview-board8/2026-08-03-gi058-local-preview-v17-thought1-correction-repair","2","2","1","0","","历史证据包","历史证据","artifacts/generative-interview-board8/README.md","docs/generative-interview-refactor-map.md","公开脱敏证据","保留","保留历史 Preview、修复与 No-Go 裁决"
"artifacts/generative-interview-board8/2026-08-03-gi058-local-preview-v18-candidate-5-55-action1","2","2","1","0","","历史证据包","历史证据","artifacts/generative-interview-board8/README.md","docs/generative-interview-refactor-map.md","公开脱敏证据","保留","保留历史 Preview、修复与 No-Go 裁决"
"artifacts/generative-interview-board8/2026-08-03-gi058-local-preview-v18-candidate-5-55-feeling1-plus-smokes","2","2","1","0","","历史证据包","历史证据","artifacts/generative-interview-board8/README.md","docs/generative-interview-refactor-map.md","公开脱敏证据","保留","保留历史 Preview、修复与 No-Go 裁决"
"artifacts/generative-interview-board8/2026-08-03-gi058-local-preview-v18-candidate-5-55-feeling2","2","2","1","0","","历史证据包","历史证据","artifacts/generative-interview-board8/README.md","docs/generative-interview-refactor-map.md","公开脱敏证据","保留","保留历史 Preview、修复与 No-Go 裁决"
"artifacts/generative-interview-board8/2026-08-03-gi058-local-preview-v18-candidate-5-55-relationship1","2","2","1","0","","历史证据包","历史证据","artifacts/generative-interview-board8/README.md","docs/generative-interview-refactor-map.md","公开脱敏证据","保留","保留历史 Preview、修复与 No-Go 裁决"
"artifacts/generative-interview-board8/2026-08-03-gi058-local-preview-v18-candidate-5-55-relationship2","2","2","1","0","","历史证据包","历史证据","artifacts/generative-interview-board8/README.md","docs/generative-interview-refactor-map.md","公开脱敏证据","保留","保留历史 Preview、修复与 No-Go 裁决"
"artifacts/generative-interview-board8/2026-08-03-gi058-local-preview-v18-candidate-5-55-thought2","2","2","1","0","","历史证据包","历史证据","artifacts/generative-interview-board8/README.md","docs/generative-interview-refactor-map.md","公开脱敏证据","保留","保留历史 Preview、修复与 No-Go 裁决"
"artifacts/generative-interview-board8/2026-08-03-gi058-local-preview-v19-candidate-5-55-consolidated","2","2","1","0","","历史证据包","历史证据","artifacts/generative-interview-board8/README.md","docs/generative-interview-refactor-map.md","公开脱敏证据","保留","保留历史 Preview、修复与 No-Go 裁决"
"artifacts/generative-interview-board8/2026-08-03-gi058-local-preview-v20-candidate-5-56-action1","2","2","1","0","","历史证据包","历史证据","artifacts/generative-interview-board8/README.md","docs/generative-interview-refactor-map.md","公开脱敏证据","保留","保留历史 Preview、修复与 No-Go 裁决"
"artifacts/generative-interview-board8/2026-08-03-gi058-local-preview-v20-candidate-5-56-action2","2","2","1","0","","历史证据包","历史证据","artifacts/generative-interview-board8/README.md","docs/generative-interview-refactor-map.md","公开脱敏证据","保留","保留历史 Preview、修复与 No-Go 裁决"
"artifacts/generative-interview-board8/2026-08-03-gi058-local-preview-v20-candidate-5-56-feeling1-plus-smokes","2","2","1","0","","历史证据包","历史证据","artifacts/generative-interview-board8/README.md","docs/generative-interview-refactor-map.md","公开脱敏证据","保留","保留历史 Preview、修复与 No-Go 裁决"
"artifacts/generative-interview-board8/2026-08-03-gi058-local-preview-v20-candidate-5-56-feeling2","2","2","1","0","","历史证据包","历史证据","artifacts/generative-interview-board8/README.md","docs/generative-interview-refactor-map.md","公开脱敏证据","保留","保留历史 Preview、修复与 No-Go 裁决"
"artifacts/generative-interview-board8/2026-08-03-gi058-local-preview-v20-candidate-5-56-relationship1","2","2","1","0","","历史证据包","历史证据","artifacts/generative-interview-board8/README.md","docs/generative-interview-refactor-map.md","公开脱敏证据","保留","保留历史 Preview、修复与 No-Go 裁决"
"artifacts/generative-interview-board8/2026-08-03-gi058-local-preview-v20-candidate-5-56-relationship2","2","2","1","0","","历史证据包","历史证据","artifacts/generative-interview-board8/README.md","docs/generative-interview-refactor-map.md","公开脱敏证据","保留","保留历史 Preview、修复与 No-Go 裁决"
"artifacts/generative-interview-board8/2026-08-03-gi058-local-preview-v20-candidate-5-56-thought1","2","2","1","0","","历史证据包","历史证据","artifacts/generative-interview-board8/README.md","docs/generative-interview-refactor-map.md","公开脱敏证据","保留","保留历史 Preview、修复与 No-Go 裁决"
"artifacts/generative-interview-board8/2026-08-03-gi058-local-preview-v20-candidate-5-56-thought2","2","2","1","0","","历史证据包","历史证据","artifacts/generative-interview-board8/README.md","docs/generative-interview-refactor-map.md","公开脱敏证据","保留","保留历史 Preview、修复与 No-Go 裁决"
"artifacts/generative-interview-board8/2026-08-03-gi058-local-preview-v21-candidate-5-56-action2-retry","2","2","1","0","","历史证据包","历史证据","artifacts/generative-interview-board8/README.md","docs/generative-interview-refactor-map.md","公开脱敏证据","保留","保留历史 Preview、修复与 No-Go 裁决"
"artifacts/generative-interview-board8/2026-08-03-gi058-local-preview-v21-candidate-5-56-consolidated","6","6","4","0","","历史证据包","历史证据","artifacts/generative-interview-board8/README.md","docs/generative-interview-refactor-map.md","公开脱敏证据","保留","保留历史 Preview、修复与 No-Go 裁决"
"artifacts/generative-interview-board8/2026-08-03-gi059-action2-official-precheck-r5","2","2","1","0","","历史证据包","历史证据","artifacts/generative-interview-board8/README.md","docs/generative-interview-refactor-map.md","公开脱敏证据","保留","保留历史 Preview、修复与 No-Go 裁决"
"artifacts/generative-interview-board8/2026-08-03-gi059-official-precheck-feeling1","2","2","1","0","","历史证据包","历史证据","artifacts/generative-interview-board8/README.md","docs/generative-interview-refactor-map.md","公开脱敏证据","保留","保留历史 Preview、修复与 No-Go 裁决"
"artifacts/generative-interview-board8/2026-08-03-gi059-official-precheck-feeling1-r2","2","2","1","0","","历史证据包","历史证据","artifacts/generative-interview-board8/README.md","docs/generative-interview-refactor-map.md","公开脱敏证据","保留","保留历史 Preview、修复与 No-Go 裁决"
"artifacts/generative-interview-board8/2026-08-03-gi059-scripted-deepseek-official-preview","2","2","1","0","","历史证据包","历史证据","artifacts/generative-interview-board8/README.md","docs/generative-interview-refactor-map.md","公开脱敏证据","保留","保留历史 Preview、修复与 No-Go 裁决"
"artifacts/generative-interview-board8/2026-08-03-gi059-scripted-deepseek-official-preview-r2","2","2","1","0","","历史证据包","历史证据","artifacts/generative-interview-board8/README.md","docs/generative-interview-refactor-map.md","公开脱敏证据","保留","保留历史 Preview、修复与 No-Go 裁决"
"artifacts/generative-interview-board8/2026-08-03-gi059-scripted-deepseek-official-preview-r3","2","2","1","0","","历史证据包","历史证据","artifacts/generative-interview-board8/README.md","docs/generative-interview-refactor-map.md","公开脱敏证据","保留","保留历史 Preview、修复与 No-Go 裁决"
"artifacts/generative-interview-board8/2026-08-03-gi059-scripted-deepseek-official-preview-r4","4","4","2","0","","历史证据包","历史证据","artifacts/generative-interview-board8/README.md","docs/generative-interview-refactor-map.md","公开脱敏证据","保留","保留历史 Preview、修复与 No-Go 裁决"
"artifacts/generative-interview-board8/2026-08-03-gi059-thought2-official-precheck-r4","2","2","1","0","","历史证据包","历史证据","artifacts/generative-interview-board8/README.md","docs/generative-interview-refactor-map.md","公开脱敏证据","保留","保留历史 Preview、修复与 No-Go 裁决"
"artifacts/generative-interview-board8/2026-08-03-gi059-thought2-official-precheck-r5","2","2","1","0","","历史证据包","历史证据","artifacts/generative-interview-board8/README.md","docs/generative-interview-refactor-map.md","公开脱敏证据","保留","保留历史 Preview、修复与 No-Go 裁决"
"artifacts/generative-interview-board8/2026-08-04-gi060-official-preflight","2","2","1","0","","历史证据包","历史证据","artifacts/generative-interview-board8/README.md","docs/generative-interview-refactor-map.md","公开脱敏证据","保留","保留历史 Preview、修复与 No-Go 裁决"
"artifacts/generative-interview-board8/2026-08-04-gi060-scripted-deepseek-official-preview-r1","4","4","2","0","","历史证据包","历史证据","artifacts/generative-interview-board8/README.md","docs/generative-interview-refactor-map.md","公开脱敏证据","保留","保留历史 Preview、修复与 No-Go 裁决"
"artifacts/generative-interview-board8/2026-08-04-gi061-official-preflight-feeling2","4","4","2","0","","历史证据包","历史证据","artifacts/generative-interview-board8/README.md","docs/generative-interview-refactor-map.md","公开脱敏证据","保留","保留历史 Preview、修复与 No-Go 裁决"
"artifacts/generative-interview-board8/2026-08-04-gi062-official-preflight-feeling2","2","2","1","0","","历史证据包","历史证据","artifacts/generative-interview-board8/README.md","docs/generative-interview-refactor-map.md","公开脱敏证据","保留","保留历史 Preview、修复与 No-Go 裁决"
"artifacts/generative-interview-board8/2026-08-04-gi062-official-preflight-feeling2-r2","4","4","2","0","","历史证据包","历史证据","artifacts/generative-interview-board8/README.md","docs/generative-interview-refactor-map.md","公开脱敏证据","保留","保留历史 Preview、修复与 No-Go 裁决"
"artifacts/generative-interview-board8/2026-08-04-gi063-official-preflight-feeling2","4","4","2","0","","历史证据包","历史证据","artifacts/generative-interview-board8/README.md","docs/generative-interview-refactor-map.md","公开脱敏证据","保留","保留历史 Preview、修复与 No-Go 裁决"
"artifacts/generative-interview-board8/2026-08-04-gi064-official-preflight-feeling2","4","4","2","0","","历史证据包","历史证据","artifacts/generative-interview-board8/README.md","docs/generative-interview-refactor-map.md","公开脱敏证据","保留","保留历史 Preview、修复与 No-Go 裁决"
"artifacts/generative-interview-board8/2026-08-04-gi064-official-preflight-relationship2-r2","2","2","1","0","","历史证据包","历史证据","artifacts/generative-interview-board8/README.md","docs/generative-interview-refactor-map.md","公开脱敏证据","保留","保留历史 Preview、修复与 No-Go 裁决"
"artifacts/generative-interview-board8/2026-08-04-gi064-scripted-deepseek-official-preview-r1","2","2","1","0","","历史证据包","历史证据","artifacts/generative-interview-board8/README.md","docs/generative-interview-refactor-map.md","公开脱敏证据","保留","保留历史 Preview、修复与 No-Go 裁决"
"artifacts/generative-interview-board8/2026-08-04-gi064-scripted-deepseek-official-preview-r2","5","5","3","0","","历史证据包","历史证据","artifacts/generative-interview-board8/README.md","docs/generative-interview-refactor-map.md","公开脱敏证据","保留","保留历史 Preview、修复与 No-Go 裁决"
"artifacts/generative-interview-board8/2026-08-04-gi066-debug-auto-dedupe","2","2","1","0","","历史证据包","历史证据","artifacts/generative-interview-board8/README.md","docs/generative-interview-refactor-map.md","公开脱敏证据","保留","保留历史 Preview、修复与 No-Go 裁决"
"artifacts/generative-interview-board8/2026-08-04-gi066-debug-correction-v8","2","2","1","0","","历史证据包","历史证据","artifacts/generative-interview-board8/README.md","docs/generative-interview-refactor-map.md","公开脱敏证据","保留","保留历史 Preview、修复与 No-Go 裁决"
"artifacts/generative-interview-board8/2026-08-04-gi066-fix-scripted-deepseek-official-preview","2","2","1","0","","历史证据包","历史证据","artifacts/generative-interview-board8/README.md","docs/generative-interview-refactor-map.md","公开脱敏证据","保留","保留历史 Preview、修复与 No-Go 裁决"
"artifacts/generative-interview-board8/2026-08-04-gi066-fix-scripted-deepseek-official-preview-v2","4","4","2","0","","历史证据包","历史证据","artifacts/generative-interview-board8/README.md","docs/generative-interview-refactor-map.md","公开脱敏证据","保留","保留历史 Preview、修复与 No-Go 裁决"
"artifacts/generative-interview-board8/2026-08-04-gi066-fix-scripted-deepseek-official-preview-v3","6","6","4","0","","历史证据包","历史证据","artifacts/generative-interview-board8/README.md","docs/generative-interview-refactor-map.md","公开脱敏证据","保留","保留历史 Preview、修复与 No-Go 裁决"
"artifacts/generative-interview-board8/2026-08-04-gi066-fix-targeted-second-direction","2","2","1","0","","历史证据包","历史证据","artifacts/generative-interview-board8/README.md","docs/generative-interview-refactor-map.md","公开脱敏证据","保留","保留历史 Preview、修复与 No-Go 裁决"
"artifacts/generative-interview-board8/2026-08-04-gi066-fix-thought-stability","2","2","1","0","","历史证据包","历史证据","artifacts/generative-interview-board8/README.md","docs/generative-interview-refactor-map.md","公开脱敏证据","保留","保留历史 Preview、修复与 No-Go 裁决"
"artifacts/generative-interview-board8/2026-08-04-gi066-fix-thought-stability-pre-hard-gate","2","2","1","0","","历史证据包","历史证据","artifacts/generative-interview-board8/README.md","docs/generative-interview-refactor-map.md","公开脱敏证据","保留","保留历史 Preview、修复与 No-Go 裁决"
"artifacts/generative-interview-board8/2026-08-04-gi066-scripted-deepseek-official-preview","2","2","1","0","","历史证据包","历史证据","artifacts/generative-interview-board8/README.md","docs/generative-interview-refactor-map.md","公开脱敏证据","保留","保留历史 Preview、修复与 No-Go 裁决"
"artifacts/generative-interview-board8/2026-08-04-gi066-scripted-deepseek-official-preview-v2","2","2","1","0","","历史证据包","历史证据","artifacts/generative-interview-board8/README.md","docs/generative-interview-refactor-map.md","公开脱敏证据","保留","保留历史 Preview、修复与 No-Go 裁决"
"artifacts/generative-interview-board8/2026-08-04-gi066-scripted-deepseek-official-preview-v3","2","2","1","0","","历史证据包","历史证据","artifacts/generative-interview-board8/README.md","docs/generative-interview-refactor-map.md","公开脱敏证据","保留","保留历史 Preview、修复与 No-Go 裁决"
"artifacts/generative-interview-board8/2026-08-04-gi066-scripted-deepseek-official-preview-v4","2","2","1","0","","历史证据包","历史证据","artifacts/generative-interview-board8/README.md","docs/generative-interview-refactor-map.md","公开脱敏证据","保留","保留历史 Preview、修复与 No-Go 裁决"
"artifacts/generative-interview-board8/2026-08-04-gi066-scripted-deepseek-official-preview-v5","2","2","1","0","","历史证据包","历史证据","artifacts/generative-interview-board8/README.md","docs/generative-interview-refactor-map.md","公开脱敏证据","保留","保留历史 Preview、修复与 No-Go 裁决"
"artifacts/generative-interview-board8/2026-08-04-gi066-scripted-deepseek-official-preview-v6","4","4","2","0","","历史证据包","历史证据","artifacts/generative-interview-board8/README.md","docs/generative-interview-refactor-map.md","公开脱敏证据","保留","保留历史 Preview、修复与 No-Go 裁决"
"artifacts/generative-interview-board8/2026-08-04-gi066-scripted-deepseek-official-preview-v7","2","2","1","0","","历史证据包","历史证据","artifacts/generative-interview-board8/README.md","docs/generative-interview-refactor-map.md","公开脱敏证据","保留","保留历史 Preview、修复与 No-Go 裁决"
"artifacts/generative-interview-board8/2026-08-04-gi066-scripted-deepseek-official-preview-v8","5","5","3","0","","历史证据包","历史证据","artifacts/generative-interview-board8/README.md","docs/generative-interview-refactor-map.md","公开脱敏证据","保留","保留历史 Preview、修复与 No-Go 裁决"
"artifacts/generative-interview-board8/2026-08-04-gi066-thought-stability","2","2","1","0","","历史证据包","历史证据","artifacts/generative-interview-board8/README.md","docs/generative-interview-refactor-map.md","公开脱敏证据","保留","保留历史 Preview、修复与 No-Go 裁决"
"artifacts/interview-nodes","11","5","5","0","","证据包","历史证据","artifacts/README.md","","公开证据","保留","保留唯一证据或包级索引；当前不移动"
"artifacts/interview-nodes/lark-doc-integration","6","0","0","0","","证据包","历史证据","artifacts/README.md","","公开证据","保留","保留唯一证据或包级索引；当前不移动"
"artifacts/interview-nodes/node10","1","1","1","0","","证据包","历史证据","artifacts/README.md","","公开证据","保留","保留唯一证据或包级索引；当前不移动"
"artifacts/interview-nodes/node6","1","1","1","0","","证据包","历史证据","artifacts/README.md","","公开证据","保留","保留唯一证据或包级索引；当前不移动"
"artifacts/interview-nodes/node7","1","1","1","0","","证据包","历史证据","artifacts/README.md","","公开证据","保留","保留唯一证据或包级索引；当前不移动"
"artifacts/interview-nodes/node8","1","1","1","0","","证据包","历史证据","artifacts/README.md","","公开证据","保留","保留唯一证据或包级索引；当前不移动"
"artifacts/interview-nodes/node9","1","1","1","0","","证据包","历史证据","artifacts/README.md","","公开证据","保留","保留唯一证据或包级索引；当前不移动"
"artifacts/journal-generation-evaluation","319","24","12","295","artifacts/journal-generation-evaluation/README.md","当前评测证据包","现役","artifacts/journal-generation-evaluation/README.md","","公开脱敏＋私有聚合","保留","日志生成评测与隔离评审当前入口"
"artifacts/journal-generation-evaluation/formal","7","7","1","0","","当前评测证据包","现役","artifacts/journal-generation-evaluation/README.md","","公开脱敏证据","保留","日志生成评测与隔离评审当前入口"
"artifacts/local-runtime","114","0","0","0","","本地运行证据","待确认","artifacts/README.md","","本地运行证据","需人工判断","包含被 Git 忽略的运行过程；清理前需确认不存在唯一原始证据"
"artifacts/local-runtime/generative-interview-board7","59","0","0","0","","本地运行证据","待确认","artifacts/README.md","","本地运行证据","需人工判断","包含被 Git 忽略的运行过程；清理前需确认不存在唯一原始证据"
"artifacts/local-runtime/gi088","1","0","0","0","","本地运行证据","待确认","artifacts/README.md","","本地运行证据","需人工判断","包含被 Git 忽略的运行过程；清理前需确认不存在唯一原始证据"
"artifacts/local-runtime/gi088-v7r4-sealed","1","0","0","0","","本地运行证据","待确认","artifacts/README.md","","本地运行证据","需人工判断","包含被 Git 忽略的运行过程；清理前需确认不存在唯一原始证据"
"artifacts/local-runtime/gi088-v8-sealed","1","0","0","0","","本地运行证据","待确认","artifacts/README.md","","本地运行证据","需人工判断","包含被 Git 忽略的运行过程；清理前需确认不存在唯一原始证据"
"artifacts/local-runtime/gi088-v8r2-preview-backup-20260810","2","0","0","0","","本地运行证据","待确认","artifacts/README.md","","本地运行证据","需人工判断","包含被 Git 忽略的运行过程；清理前需确认不存在唯一原始证据"
"artifacts/local-runtime/historical-checkpoints","15","0","0","0","","本地运行证据","待确认","artifacts/README.md","","本地运行证据","需人工判断","包含被 Git 忽略的运行过程；清理前需确认不存在唯一原始证据"
"artifacts/local-runtime/legacy-batch-b-checkpoints","33","0","0","0","","本地运行证据","待确认","artifacts/README.md","","本地运行证据","需人工判断","包含被 Git 忽略的运行过程；清理前需确认不存在唯一原始证据"
"evals/event-centered-generative","32","32","1","0","evals/event-centered-generative/README.md","评测资产包","现役","docs/ai-evaluation-standard.md","","公开评测资产","保留","承担可复现评测输入、判尺或历史回归"
"evals/event-centered-generative/board7a-chat-e2e-single","2","2","0","0","","评测资产包","现役","docs/ai-evaluation-standard.md","","公开评测资产","保留","承担可复现评测输入、判尺或历史回归"
"evals/event-centered-generative/board7a-chat-e2e-single-v1","2","2","0","0","","评测资产包","现役","docs/ai-evaluation-standard.md","","公开评测资产","保留","承担可复现评测输入、判尺或历史回归"
"evals/event-centered-generative/board7a-real-output","2","2","0","0","","评测资产包","现役","docs/ai-evaluation-standard.md","","公开评测资产","保留","承担可复现评测输入、判尺或历史回归"
"evals/event-centered-generative/board7b-prompt-skill-v0","2","2","0","0","","评测资产包","现役","docs/ai-evaluation-standard.md","","公开评测资产","保留","承担可复现评测输入、判尺或历史回归"
"evals/event-centered-generative/board7b-prompt-skill-v0-1","2","2","0","0","","评测资产包","现役","docs/ai-evaluation-standard.md","","公开评测资产","保留","承担可复现评测输入、判尺或历史回归"
"evals/event-centered-generative/board7b-prompt-skill-v0-2","1","1","0","0","","评测资产包","现役","docs/ai-evaluation-standard.md","","公开评测资产","保留","承担可复现评测输入、判尺或历史回归"
"evals/event-centered-generative/board7b-prompt-skill-v0-3","1","1","0","0","","评测资产包","现役","docs/ai-evaluation-standard.md","","公开评测资产","保留","承担可复现评测输入、判尺或历史回归"
"evals/event-centered-generative/board7b-prompt-skill-v0-4","1","1","0","0","","评测资产包","现役","docs/ai-evaluation-standard.md","","公开评测资产","保留","承担可复现评测输入、判尺或历史回归"
"evals/event-centered-generative/board7b-semantic-frame-v1","1","1","0","0","","评测资产包","现役","docs/ai-evaluation-standard.md","","公开评测资产","保留","承担可复现评测输入、判尺或历史回归"
"evals/event-centered-generative/board7b-thinking-capability-v1","1","1","0","0","","评测资产包","现役","docs/ai-evaluation-standard.md","","公开评测资产","保留","承担可复现评测输入、判尺或历史回归"
"evals/event-centered-generative/board7b-working-task-v1","2","2","0","0","","评测资产包","现役","docs/ai-evaluation-standard.md","","公开评测资产","保留","承担可复现评测输入、判尺或历史回归"
"evals/event-centered-generative/gi088-event-relationship-explanation-v1","1","1","0","0","","评测资产包","现役","docs/ai-evaluation-standard.md","","公开评测资产","保留","承担可复现评测输入、判尺或历史回归"
"evals/event-centered-generative/gi088-human-eval-v0","2","2","0","0","","评测资产包","现役","docs/ai-evaluation-standard.md","","公开评测资产","保留","承担可复现评测输入、判尺或历史回归"
"evals/event-centered-generative/gi088-relationship-claim-status-v1","1","1","0","0","","评测资产包","现役","docs/ai-evaluation-standard.md","","公开评测资产","保留","承担可复现评测输入、判尺或历史回归"
"evals/event-centered-generative/gi088-response-first-two-stage-v1","1","1","0","0","","评测资产包","现役","docs/ai-evaluation-standard.md","","公开评测资产","保留","承担可复现评测输入、判尺或历史回归"
"evals/interview-intent","74","73","21","0","evals/interview-intent/README.md","评测资产包","现役","docs/interview-intent-evaluation-source-of-truth.md","","公开评测资产","保留","承担可复现评测输入、判尺或历史回归"
"evals/interview-intent/reports","19","19","19","0","","评测资产包","现役","docs/interview-intent-evaluation-source-of-truth.md","","公开评测资产","保留","承担可复现评测输入、判尺或历史回归"
"evals/interview-intent/reviewer","49","49","1","0","","评测资产包","现役","docs/interview-intent-evaluation-source-of-truth.md","","公开评测资产","保留","承担可复现评测输入、判尺或历史回归"
"evals/interview-intent/v1","4","4","0","0","","评测资产包","现役","docs/interview-intent-evaluation-source-of-truth.md","","公开评测资产","保留","承担可复现评测输入、判尺或历史回归"
